raw_code,code,market,name,price,pct_change,turnover_rate,volume_ratio,pe_ttm,pb,momentum_5d,momentum_10d,momentum_20d,momentum_60d,momentum_ytd,amount_cny,market_cap_cny,float_cap_cny,score,factor_momentum,factor_value,factor_liquidity,factor_activity,factor_daily_strength,factor_size,reasons
sh601919,601919,sh,中远海控,16.95,-0.7,0.55,1.44,10.33,1.13,2.42,9.92,9.0,17.14,14.99,1167420000.0,258794999999.99997,212833000000.0,81.5,78.4,92.3,90.1,71.5,54.3,98.2,中期趋势靠前、估值相对占优、成交活跃
sh601318,601318,sh,中国平安,55.92,1.65,0.55,1.7,6.36,0.98,7.37,6.31,2.98,6.86,-16.1,3235970000.0,1012579000000.0001,596111000000.0,81.0,59.5,96.2,98.9,68.4,87.9,99.8,估值相对占优、成交活跃、市值稳定性较高
sh600489,600489,sh,中金黄金,26.8,2.13,1.11,1.14,20.7,4.25,6.39,6.76,25.93,17.95,17.02,1435110000.0,129908000000.0,129908000000.0,80.5,90.4,50.8,93.7,69.2,94.7,93.5,中期趋势靠前、成交活跃、市值稳定性较高
sh601233,601233,sh,桐昆股份,23.87,0.67,0.93,1.36,11.01,1.34,0.67,2.31,7.09,21.04,39.67,523470000.0,56787000000.0,56683000000.00001,79.4,77.9,89.1,75.8,72.7,73.9,85.1,中期趋势靠前、估值相对占优、成交活跃
sh600909,600909,sh,华安证券,8.37,3.08,2.06,2.68,13.27,1.54,3.59,0.24,8.42,19.74,25.68,856150000.0,42053000000.0,42053000000.0,79.0,78.8,83.8,85.8,58.2,91.7,78.5,中期趋势靠前、估值相对占优、成交活跃
sh603565,603565,sh,中谷物流,12.77,1.92,2.02,2.2,13.54,2.56,11.24,18.02,22.2,17.37,30.31,534300000.0,26818000000.0,26818000000.0,78.3,89.1,71.7,76.3,68.7,91.7,63.3,中期趋势靠前、估值相对占优、成交活跃
sh601899,601899,sh,紫金矿业,35.05,4.07,1.0,1.8,13.78,4.88,8.38,5.7,10.46,13.87,4.1,7180310000.0,932004999999.9999,722093000000.0,78.1,78.5,57.1,100.0,69.7,77.6,99.6,中期趋势靠前、成交活跃、市值稳定性较高
sh600988,600988,sh,赤峰黄金,47.78,0.25,2.18,1.01,25.31,6.64,11.84,16.59,26.2,39.91,54.53,1736450000.0,90802000000.0,79502000000.0,77.7,95.8,38.0,95.3,74.7,67.9,90.3,中期趋势靠前、成交活跃、量比与换手适中
sz000703,000703,sz,恒逸石化,17.87,-2.56,1.5,1.01,11.51,2.29,-6.34,4.2,14.55,36.26,66.62,1023300000.0,68291000000.0,67949000000.0,77.6,89.8,77.2,88.9,69.3,27.7,87.1,中期趋势靠前、估值相对占优、成交活跃
sh601211,601211,sh,国泰海通,17.86,3.18,0.5,1.83,9.71,0.95,0.0,-0.89,-5.65,12.54,-11.58,1194840000.0,313998000000.0,240201000000.00003,77.2,52.9,95.1,90.7,65.1,90.3,98.7,估值相对占优、成交活跃、市值稳定性较高
sh603259,603259,sh,药明康德,158.46,-1.58,0.92,0.91,21.82,5.67,-3.38,-0.36,25.26,58.86,77.92,3622610000.0,472806000000.00006,391916000000.0,76.2,96.8,43.8,99.3,62.5,41.7,99.3,中期趋势靠前、成交活跃、市值稳定性较高
sz002237,002237,sz,恒邦股份,15.21,2.15,2.19,1.39,21.89,1.58,6.22,6.74,15.14,11.05,14.48,396300000.0,21750000000.0,18136000000.0,76.2,81.0,71.6,68.3,83.3,95.0,53.4,中期趋势靠前、估值相对占优、量比与换手适中
sh600547,600547,sh,山东黄金,35.11,0.4,1.66,0.95,31.37,5.27,8.03,13.55,28.94,18.41,-8.64,2114170000.0,161855000000.0,126903000000.0,76.0,91.8,35.0,96.6,69.2,70.0,95.9,中期趋势靠前、成交活跃、市值稳定性较高
sz002821,002821,sz,凯莱英,172.85,0.36,3.49,1.62,60.2,3.52,1.32,-1.23,11.51,53.49,88.63,1951250000.0,62341000000.0,54801000000.0,75.9,88.1,27.4,96.1,93.3,69.4,86.2,中期趋势靠前、成交活跃、量比与换手适中
sh601872,601872,sh,招商轮船,18.82,-0.05,0.63,0.9,19.21,3.53,1.18,10.58,15.53,23.49,115.58,942100000.0,151963000000.0,151963000000.0,75.8,88.1,57.4,87.3,60.0,63.6,94.8,中期趋势靠前、成交活跃、市值稳定性较高
sh600961,600961,sh,株冶集团,27.26,4.48,5.11,1.68,11.76,4.99,-0.62,-6.96,20.3,4.93,69.32,1031150000.0,29247000000.000004,20494000000.0,74.7,74.7,59.7,89.1,87.2,71.7,66.8,中期趋势靠前、成交活跃、量比与换手适中
sz002648,002648,sz,卫星化学,26.48,-0.3,0.7,1.28,10.14,2.34,-1.27,1.22,5.75,14.43,54.12,623890000.0,89202000000.0,89144000000.0,74.7,72.6,78.2,79.2,69.1,60.0,90.0,中期趋势靠前、估值相对占优、成交活跃
sh688169,688169,sh,石头科技,133.19,-1.34,3.91,3.29,20.67,2.38,12.87,22.09,19.83,26.23,-12.11,1351770000.0,34570000000.0,34570000000.0,74.6,91.2,63.9,92.7,59.0,45.1,71.9,中期趋势靠前、成交活跃、市值稳定性较高
sz000975,000975,sz,山金国际,27.81,0.04,1.03,0.97,20.33,4.84,3.77,5.02,23.88,20.7,16.6,728900000.0,77104000000.0,70171000000.0,74.6,91.2,48.9,82.8,64.7,64.9,88.9,中期趋势靠前、成交活跃、市值稳定性较高
sh600531,600531,sh,豫光金铅,14.03,4.47,4.03,1.76,18.72,2.48,9.52,1.81,20.84,6.09,21.63,674780000.0,16966000000.0,16966000000.0,74.3,78.0,65.2,81.2,93.9,71.9,43.9,中期趋势靠前、成交活跃、量比与换手适中
sz000783,000783,sz,长江证券,9.09,5.7,2.38,4.36,9.76,1.36,6.57,2.48,5.7,20.56,15.8,1168260000.0,50268000000.0,50268000000.0,74.1,75.3,90.4,90.3,42.3,54.3,81.5,中期趋势靠前、估值相对占优、成交活跃
sh601336,601336,sh,新华保险,60.29,1.57,0.58,1.94,5.1,1.61,4.56,2.48,-1.03,8.34,-10.87,721780000.0,188077000000.0,125731000000.0,74.0,53.3,89.3,82.6,63.2,86.7,96.6,估值相对占优、成交活跃、市值稳定性较高
sh600999,600999,sh,招商证券,18.59,5.27,1.19,6.01,9.09,1.29,4.26,1.97,5.15,11.44,14.82,1613850000.0,161668000000.0,137975000000.0,73.9,69.2,91.8,94.6,32.9,60.4,95.7,估值相对占优、成交活跃、市值稳定性较高
sh600030,600030,sh,中信证券,27.74,2.17,0.85,3.08,10.93,1.47,2.17,0.14,-2.67,10.21,-0.96,2842240000.0,433417000000.0,337778000000.0,73.7,53.5,87.9,97.8,39.7,95.3,99.1,估值相对占优、成交活跃、市值稳定性较高
sh601108,601108,sh,财通证券,8.68,3.7,1.21,2.56,13.62,1.06,2.48,3.7,5.85,10.57,0.12,481020000.0,40308000000.0,40308000000.0,73.7,69.6,88.4,74.0,54.2,82.9,76.7,估值相对占优、成交活跃、市值稳定性较高
sz000776,000776,sz,广发证券,21.21,3.82,1.0,3.38,10.6,1.24,4.02,0.28,0.14,14.71,-1.44,1239050000.0,165965000000.0,125225000000.0,73.5,62.5,90.9,91.2,34.1,81.1,96.1,估值相对占优、成交活跃、市值稳定性较高
sh603268,603268,sh,松发股份,188.69,-1.31,1.43,1.42,34.23,9.61,5.12,10.37,26.65,44.81,126.3,634190000.0,192222000000.0,44012000000.0,72.0,96.4,26.0,79.7,78.0,45.6,96.8,中期趋势靠前、成交活跃、量比与换手适中
sh603228,603228,sh,景旺电子,91.16,0.14,2.24,1.59,77.16,6.65,3.46,-7.18,21.03,20.61,25.67,2024210000.0,91278000000.0,89520000000.0,71.8,89.9,10.5,96.4,84.1,66.3,90.5,中期趋势靠前、成交活跃、量比与换手适中
sz002396,002396,sz,星网锐捷,30.42,-1.36,5.69,1.45,40.62,3.2,3.19,3.33,15.58,34.13,31.45,1298760000.0,23136000000.0,23041000000.0,71.7,90.5,38.8,91.9,85.6,44.9,57.0,中期趋势靠前、成交活跃、量比与换手适中
sh601069,601069,sh,西部黄金,31.36,-0.06,2.68,1.3,32.2,5.56,6.45,8.51,30.34,13.03,18.23,747180000.0,28569000000.0,27822000000.000004,71.6,88.5,33.5,83.9,85.1,63.4,66.1,中期趋势靠前、成交活跃、量比与换手适中
sh600267,600267,sh,海正药业,12.26,-0.16,2.83,1.45,16.48,1.61,-11.09,-12.93,3.55,25.36,26.52,416100000.0,14469999999.999998,14469999999.999998,71.6,73.6,78.1,70.6,89.7,62.0,36.7,中期趋势靠前、估值相对占优、成交活跃
sh603087,603087,sh,甘李药业,70.52,2.53,1.87,1.94,36.65,3.6,-0.96,-8.65,3.54,28.24,5.14,748580000.0,42131000000.0,39591000000.0,71.5,74.2,39.1,84.1,73.4,99.6,78.7,中期趋势靠前、成交活跃、量比与换手适中
sh600497,600497,sh,驰宏锌锗,10.43,5.04,2.94,2.84,31.05,2.96,7.86,-0.48,14.87,7.42,44.06,1527400000.0,52571000000.0,52571000000.0,70.4,76.3,47.4,94.3,61.5,63.7,83.3,中期趋势靠前、成交活跃、市值稳定性较高
sh601688,601688,sh,华泰证券,19.15,3.01,0.87,3.31,9.85,0.99,3.51,0.84,-3.09,5.16,-17.42,1208190000.0,172864000000.0,139924000000.0,70.3,45.4,94.5,91.0,34.7,92.7,96.4,估值相对占优、成交活跃、市值稳定性较高
sz000426,000426,sz,兴业银锡,41.07,3.97,3.29,1.38,27.34,6.74,14.21,2.39,26.96,-4.42,15.37,2374700000.0,72925000000.0,72908000000.0,69.9,59.3,35.4,97.0,91.7,79.0,88.0,成交活跃、量比与换手适中、市值稳定性较高
sh600026,600026,sh,中远海能,18.92,-0.63,0.72,0.83,18.81,2.24,3.28,13.02,17.37,4.13,67.43,521100000.0,103515000000.00002,72426000000.0,69.9,71.7,67.6,75.4,59.2,55.3,91.8,中期趋势靠前、成交活跃、市值稳定性较高
sz000100,000100,sz,TCL科技,4.93,0.41,0.63,0.84,20.26,1.69,-2.38,-3.14,0.0,13.59,10.79,620280000.0,102548000000.0,99167000000.0,69.8,61.3,72.7,79.0,58.7,70.1,91.4,估值相对占优、成交活跃、市值稳定性较高
sh601579,601579,sh,会稽山,20.65,4.82,3.4,1.79,35.43,2.64,11.8,30.2,37.3,28.74,3.35,337480000.0,9901000000.0,9901000000.0,69.8,96.1,46.6,63.4,88.8,66.9,21.3,中期趋势靠前、量比与换手适中
sh600309,600309,sh,万华化学,74.15,1.76,0.62,1.63,14.1,2.04,0.35,-1.21,-0.46,-1.34,-1.7,1422250000.0,232123999999.99997,232123999999.99997,69.7,37.7,75.6,93.5,70.5,89.4,97.5,估值相对占优、成交活跃、量比与换手适中
sh601083,601083,sh,锦江航运,13.13,0.77,8.32,1.77,11.49,1.91,14.37,16.71,16.09,20.48,24.48,212690000.0,16991999999.999998,2549000000.0,69.6,87.2,81.9,41.0,60.0,75.3,44.3,中期趋势靠前、估值相对占优
sh600711,600711,sh,盛屯矿业,12.17,5.73,3.77,2.55,13.87,2.1,6.29,-2.17,13.31,-3.49,-19.46,1393200000.0,37613000000.0,37613000000.0,69.5,54.8,75.6,93.2,74.6,53.9,73.8,估值相对占优、成交活跃、量比与换手适中
sh601886,601886,sh,江河集团,13.37,0.0,1.28,1.14,20.96,2.09,5.11,27.58,54.57,53.86,71.19,193460000.0,15147999999.999998,15147999999.999998,69.4,99.6,66.2,36.4,70.5,64.3,38.2,中期趋势靠前、量比与换手适中
sz300841,300841,sz,康华生物,54.4,1.25,4.9,1.9,28.67,1.96,8.24,12.16,21.81,15.47,-24.19,331840000.0,7069000000.0,6614000000.0,69.3,88.0,59.0,62.5,83.9,82.1,9.1,中期趋势靠前、量比与换手适中
sz000728,000728,sz,国元证券,7.69,4.63,1.52,6.3,12.32,0.87,10.01,6.51,5.49,8.62,-6.79,506160000.0,33557000000.0,33557000000.0,69.2,66.4,92.9,75.1,35.5,69.6,71.1,估值相对占优、成交活跃、市值稳定性较高
sh600549,600549,sh,厦门钨业,53.49,2.1,1.68,1.25,23.98,4.54,-0.39,-5.11,12.92,-3.47,31.55,1390260000.0,84920000000.0,83120000000.0,69.1,54.6,44.9,93.0,76.1,94.3,89.8,成交活跃、量比与换手适中、市值稳定性较高
sz000603,000603,sz,盛达资源,38.0,4.77,9.78,1.88,30.76,6.98,21.44,10.43,52.0,20.06,23.22,2443550000.0,26219000000.0,25335000000.0,69.0,94.0,31.5,97.3,46.0,67.6,62.7,中期趋势靠前、成交活跃
sh600508,600508,sh,上海能源,11.14,2.48,6.79,7.97,37.76,0.88,27.17,27.9,29.84,10.07,34.92,744340000.0,11272000000.0,11272000000.0,69.0,85.9,65.0,83.7,33.1,99.7,27.1,中期趋势靠前、成交活跃
sh600392,600392,sh,盛和资源,22.8,2.15,1.78,1.47,40.04,3.24,2.2,-3.84,10.95,3.07,7.4,704720000.0,39964000000.0,39964000000.0,68.8,64.2,38.8,82.3,81.9,95.0,76.5,成交活跃、量比与换手适中、市值稳定性较高
sh600096,600096,sh,云天化,30.32,1.81,1.53,2.03,10.38,2.18,1.78,1.68,1.44,-2.41,-5.87,841830000.0,55273000000.0,55273000000.0,68.6,40.2,79.8,85.7,68.7,90.1,84.2,估值相对占优、成交活跃、市值稳定性较高
sh688331,688331,sh,荣昌生物,121.26,-0.91,1.61,1.49,11.76,8.23,-5.49,-6.55,2.52,11.25,55.88,707960000.0,68449000000.0,43156000000.0,68.5,64.7,53.4,82.4,81.0,51.3,87.5,成交活跃、量比与换手适中、市值稳定性较高
sh600216,600216,sh,浙江医药,13.11,1.86,2.22,0.95,15.64,1.11,-5.89,-4.79,8.8,5.55,-3.47,276550000.0,12607000000.0,12473000000.0,68.5,66.6,84.6,55.6,73.6,90.9,31.5,估值相对占优、量比与换手适中
sh600141,600141,sh,兴发集团,30.16,2.17,1.61,1.61,22.64,1.45,-4.04,-5.4,3.5,-1.86,-11.51,576280000.0,36244000000.0,36244000000.0,68.2,44.6,72.0,78.1,78.7,95.3,73.3,估值相对占优、成交活跃、量比与换手适中
sh600667,600667,sh,太极实业,19.62,-1.6,4.11,1.02,89.35,4.77,-7.1,-13.61,12.76,31.9,148.2,1684530000.0,41036000000.0,41036000000.0,68.1,87.7,12.0,95.2,88.3,41.4,77.6,中期趋势靠前、成交活跃、量比与换手适中
sh601101,601101,sh,昊华能源,13.36,1.29,1.8,1.02,23.79,1.55,5.95,5.78,17.92,2.22,93.34,341830000.0,19238000000.0,19238000000.0,68.0,68.6,69.5,64.2,71.9,82.7,48.7,量比与换手适中
sz000725,000725,sz,京东方Ａ,5.74,0.0,1.27,0.74,35.74,1.59,-4.49,-3.2,0.53,6.02,38.18,2583130000.0,212634000000.0,203007000000.0,67.7,53.8,57.8,97.7,61.4,64.3,97.1,成交活跃、市值稳定性较高
sh600737,600737,sh,中粮糖业,14.65,-0.61,1.84,0.92,31.64,2.87,-1.88,11.49,21.68,6.08,-13.16,574500000.0,31333999999.999996,31333999999.999996,67.7,78.4,47.7,78.0,70.0,55.6,69.0,中期趋势靠前、成交活跃、量比与换手适中
sz002539,002539,sz,云图控股,13.18,2.33,2.59,3.36,15.54,1.61,2.89,3.21,11.79,7.24,13.43,303820000.0,15918000000.0,11727000000.0,67.5,72.9,79.1,59.5,47.1,97.6,40.5,中期趋势靠前、估值相对占优
sh600918,600918,sh,中泰证券,5.78,2.3,0.93,2.43,18.49,1.03,5.67,3.4,3.4,5.86,-10.39,243480000.0,45768000000.0,26373000000.0,67.4,58.7,82.7,48.9,55.0,97.1,79.7,估值相对占优、市值稳定性较高
sz300666,300666,sz,江丰电子,236.77,0.54,3.5,1.23,83.07,8.96,-6.26,-10.33,7.79,13.17,158.44,1826050000.0,65341999999.99999,52430999999.99999,67.2,74.2,6.2,95.5,90.0,72.0,86.6,中期趋势靠前、成交活跃、量比与换手适中
sz300017,300017,sz,网宿科技,15.07,-0.2,3.37,1.23,48.53,3.62,-3.71,2.94,20.18,0.94,50.7,1189220000.0,37610000000.0,35663000000.0,67.2,67.8,32.0,90.5,89.0,61.4,73.7,成交活跃、量比与换手适中、市值稳定性较高
sh601958,601958,sh,金钼股份,22.97,4.08,1.46,1.89,21.09,3.82,6.59,-0.52,10.86,-2.92,51.32,1064510000.0,74115000000.0,74115000000.0,67.2,53.4,52.4,89.6,71.3,77.4,88.5,成交活跃、量比与换手适中、市值稳定性较高
sz002842,002842,sz,翔鹭钨业,37.8,1.04,6.57,1.38,32.05,8.74,-0.21,-9.46,24.79,17.13,163.93,666490000.0,12367000000.0,10148000000.0,67.2,89.5,28.7,80.8,77.1,79.1,30.2,中期趋势靠前、成交活跃、量比与换手适中
sz002215,002215,sz,诺 普 信,9.92,4.2,3.59,2.22,12.99,2.17,8.89,8.89,8.89,9.37,-3.6,283430000.0,9962000000.0,8016000000.0,67.2,72.2,76.2,56.5,80.6,75.7,21.5,中期趋势靠前、估值相对占优、量比与换手适中
sz300433,300433,sz,蓝思科技,39.11,3.19,1.59,1.61,59.81,3.91,8.19,10.95,17.13,-4.1,31.14,3075390000.0,206452000000.0,194267000000.0,67.1,56.0,25.0,98.4,78.6,90.1,97.0,成交活跃、量比与换手适中、市值稳定性较高
sz300684,300684,sz,中石科技,84.93,-1.26,5.55,1.04,71.64,12.28,-1.92,63.77,82.18,46.33,75.17,963260000.0,25437000000.0,17375000000.0,66.9,99.7,7.4,87.8,77.5,46.3,61.3,中期趋势靠前、成交活跃、量比与换手适中
sz002636,002636,sz,金安国纪,63.15,-1.42,4.28,1.93,95.93,12.35,2.12,-7.77,15.74,24.73,280.77,1936990000.0,45973000000.0,45741000000.0,66.8,88.4,1.4,95.9,88.1,44.0,79.9,中期趋势靠前、成交活跃、量比与换手适中
sz300009,300009,sz,安科生物,8.78,1.62,6.27,1.86,20.93,3.44,3.78,3.54,6.94,6.17,-5.79,698150000.0,14669000000.0,10807000000.0,66.7,65.8,55.2,81.9,74.1,87.4,38.0,成交活跃、量比与换手适中
sh600428,600428,sh,中远海特,11.26,0.0,0.86,1.09,16.79,1.91,-5.54,-6.63,3.16,45.76,66.2,208800000.0,30897000000.000004,24171000000.0,66.7,75.5,74.3,39.6,66.1,64.3,68.8,中期趋势靠前、估值相对占优
sh601609,601609,sh,金田股份,13.41,-0.37,1.52,0.55,28.22,2.27,3.55,31.6,33.17,7.59,25.75,353880000.0,23181000000.0,23181000000.0,66.5,83.1,56.3,65.2,59.1,59.0,57.3,中期趋势靠前
sz002423,002423,sz,中粮资本,9.73,1.14,1.3,2.56,18.65,0.97,10.19,6.92,5.99,7.13,-15.77,288980000.0,22419000000.0,22419000000.0,66.5,65.2,83.0,57.2,54.9,80.6,55.2,估值相对占优
sz002422,002422,sz,科伦药业,43.02,1.06,1.09,1.14,43.55,2.88,-4.34,-8.29,-0.05,22.04,48.95,613440000.0,68435000000.0,55866000000.0,66.4,65.3,40.2,78.5,69.0,79.4,87.3,成交活跃、市值稳定性较高
sh600572,600572,sh,康恩贝,4.43,3.02,3.77,2.44,22.56,1.59,1.84,-6.74,2.07,8.58,2.78,431850000.0,11246000000.0,11216000000.0,66.4,60.3,70.6,71.5,77.0,92.6,26.7,估值相对占优、成交活跃、量比与换手适中
sz000792,000792,sz,盐湖股份,28.27,2.99,0.9,1.88,12.41,3.13,1.54,-2.72,2.35,-6.85,0.39,1325730000.0,149593000000.0,149591000000.0,66.0,31.5,69.2,92.3,67.1,93.0,94.6,成交活跃、市值稳定性较高
sz000623,000623,sz,吉林敖东,18.53,2.6,1.19,3.43,8.07,0.71,4.22,2.38,1.59,8.77,-3.67,260530000.0,22160000000.0,22069000000.0,65.9,59.9,97.8,52.9,34.5,98.6,54.1,估值相对占优
sh603186,603186,sh,华正新材,176.55,1.09,10.91,1.62,95.71,11.92,0.89,13.54,57.05,45.22,256.88,2963990000.0,27681000000.0,27681000000.0,65.8,99.2,1.9,98.0,43.0,79.9,65.4,中期趋势靠前、成交活跃
sh600219,600219,sh,南山铝业,4.9,1.87,0.78,0.8,12.91,1.13,-3.92,-1.41,6.75,-7.89,-6.56,437670000.0,56270000000.00001,56270000000.00001,65.8,36.5,88.6,71.9,59.0,91.0,84.8,估值相对占优、成交活跃、市值稳定性较高
sz300319,300319,sz,麦捷科技,17.72,-0.34,5.01,0.98,49.46,3.18,4.24,1.96,19.09,9.36,52.98,753690000.0,15728000000.0,15085000000.0,65.7,81.1,34.1,84.2,80.4,59.4,39.2,中期趋势靠前、成交活跃、量比与换手适中
sh601666,601666,sh,平煤股份,9.74,1.88,0.81,1.14,82.88,1.09,3.4,5.98,19.66,18.06,24.71,192250000.0,24052000000.0,24052000000.0,65.6,88.1,44.1,35.8,66.8,91.1,59.0,中期趋势靠前
sh600196,600196,sh,复星医药,22.99,-0.13,0.89,1.06,18.11,1.26,-2.71,-5.2,-0.04,2.94,-11.93,437890000.0,61392999999.99999,48704000000.0,65.5,46.2,80.9,72.0,65.7,62.4,86.0,估值相对占优、成交活跃、市值稳定性较高
sz300171,300171,sz,东富龙,14.39,1.05,2.43,1.26,53.04,1.4,8.11,3.01,18.24,23.31,-7.87,197860000.0,11020000000.0,8097000000.0,65.5,89.7,50.3,37.6,82.3,79.3,25.8,中期趋势靠前、量比与换手适中
sh601555,601555,sh,东吴证券,8.03,2.16,0.69,3.16,11.83,0.94,1.52,0.37,2.29,4.15,-9.16,275090000.0,39899000000.0,39899000000.0,65.4,53.3,92.4,55.4,36.6,95.1,76.3,估值相对占优、市值稳定性较高
sh600256,600256,sh,广汇能源,6.19,0.32,1.06,1.3,22.35,1.58,0.49,5.09,13.37,-5.31,27.44,413620000.0,39566000000.0,39566000000.0,65.2,50.2,71.2,70.3,72.4,68.9,76.0,估值相对占优、成交活跃、量比与换手适中
sz001337,001337,sz,四川黄金,53.77,-2.24,4.95,1.81,32.74,10.97,13.25,12.8,37.91,6.37,96.53,1116000000.0,22583000000.0,22583000000.0,65.1,82.3,26.7,89.8,85.6,32.3,55.9,中期趋势靠前、成交活跃、量比与换手适中
sz002346,002346,sz,柘中股份,21.04,2.04,1.7,1.16,15.51,3.09,-20.0,-1.87,27.52,10.88,6.08,155790000.0,9291000000.0,9291000000.0,65.1,86.5,64.7,25.6,74.3,93.4,18.5,中期趋势靠前、量比与换手适中
sh600186,600186,sh,莲花控股,11.38,-1.47,5.63,1.16,58.03,10.81,-1.98,-0.61,35.64,18.05,90.3,1144850000.0,20402000000.0,20260000000.0,65.0,92.3,12.4,90.0,79.5,43.3,50.4,中期趋势靠前、成交活跃、量比与换手适中
sz000617,000617,sz,中油资本,7.37,-1.07,0.96,2.07,20.29,0.88,11.16,3.66,4.54,-4.82,-22.4,895890000.0,93172000000.0,93172000000.0,65.0,40.1,82.3,86.6,63.3,49.0,90.9,估值相对占优、成交活跃、市值稳定性较高
sz002558,002558,sz,巨人网络,26.71,0.0,1.64,1.43,20.41,3.18,1.64,-7.16,-1.0,4.21,-38.03,828440000.0,50764000000.0,50764000000.0,64.9,46.3,58.2,84.9,79.9,64.3,82.3,成交活跃、量比与换手适中、市值稳定性较高
sz000983,000983,sz,山西焦煤,7.39,0.96,0.61,0.88,31.6,1.15,7.73,9.32,13.69,1.65,16.75,255650000.0,41954000000.0,41954000000.0,64.9,64.9,65.6,51.8,59.4,78.0,78.3,市值稳定性较高
sz300677,300677,sz,英科医疗,51.61,-0.94,1.38,1.59,29.7,1.78,5.46,3.22,2.81,10.8,33.02,334880000.0,33792000000.0,24030000000.0,64.7,64.6,59.9,63.1,77.4,50.9,71.3,量比与换手适中、市值稳定性较高
sh601699,601699,sh,潞安环能,17.02,1.73,0.58,1.27,32.96,1.09,3.97,4.61,10.16,-3.37,46.56,294350000.0,50914000000.0,50914000000.0,64.7,51.8,65.6,57.9,68.0,89.0,82.4,市值稳定性较高
sh688002,688002,sh,睿创微纳,157.73,-0.34,0.76,0.82,36.12,9.25,-2.74,-5.92,8.04,27.8,56.93,557850000.0,73431000000.0,73431000000.0,64.5,81.0,24.7,77.4,59.2,59.4,88.4,中期趋势靠前、成交活跃、市值稳定性较高
sz300358,300358,sz,楚天科技,9.09,-2.26,4.93,1.93,15.77,1.17,6.32,-0.44,10.05,10.05,-6.48,321010000.0,6500000000.0,6406999999.999999,64.5,74.5,83.7,61.3,83.0,32.0,5.9,中期趋势靠前、估值相对占优、量比与换手适中
sz002841,002841,sz,视源股份,47.59,1.45,0.66,1.61,30.29,2.53,-3.59,-3.76,6.66,30.1,22.3,162150000.0,33274000000.0,24811000000.0,64.4,79.4,51.1,27.6,71.3,85.0,70.6,中期趋势靠前、量比与换手适中、市值稳定性较高
sz000657,000657,sz,中钨高新,64.01,0.31,2.66,1.14,51.88,12.93,-3.25,-9.12,21.83,-3.42,132.93,2460850000.0,145853000000.0,93035000000.0,64.2,60.5,14.4,97.5,81.4,68.7,94.4,成交活跃、量比与换手适中、市值稳定性较高
sz000811,000811,sz,冰轮环境,40.92,-3.94,3.61,1.91,66.62,6.24,3.96,-3.08,10.06,32.38,122.15,1438960000.0,40612000000.0,40044000000.0,64.1,84.7,14.8,93.9,87.7,8.0,77.2,中期趋势靠前、成交活跃、量比与换手适中
sz000807,000807,sz,云铝股份,26.65,1.99,1.13,1.69,10.65,2.69,2.66,-2.88,1.91,-10.9,-17.9,1041790000.0,92421000000.0,92420000000.0,64.1,21.5,74.6,89.4,73.2,92.7,90.7,估值相对占优、成交活跃、量比与换手适中
sz002948,002948,sz,青岛银行,5.94,0.51,0.59,1.23,6.34,0.82,0.85,4.03,1.37,9.39,38.14,124210000.0,34573000000.0,20922000000.0,64.1,60.4,98.1,12.6,67.1,71.6,72.0,估值相对占优、市值稳定性较高
sz300059,300059,sz,东方财富,19.46,2.8,1.81,3.72,21.12,3.13,3.9,-1.87,-2.21,2.91,-15.68,4683240000.0,307900000000.0,260615000000.0,63.9,41.6,57.0,99.5,37.8,95.7,98.4,成交活跃、市值稳定性较高
sh600150,600150,sh,中国船舶,34.27,1.27,0.54,1.76,22.81,1.76,3.41,1.12,-1.32,-5.03,4.18,1394000000.0,257903000000.00003,257903000000.00003,63.9,27.3,67.9,93.4,67.0,82.4,98.0,成交活跃、市值稳定性较高
sh600060,600060,sh,海信视像,27.65,5.61,1.14,5.38,13.91,1.63,6.72,5.33,3.36,10.29,18.47,409200000.0,36082000000.0,35950000000.0,63.9,64.9,81.1,69.7,32.5,55.6,73.1,估值相对占优、市值稳定性较高
sz002407,002407,sz,多氟多,34.16,0.83,4.17,0.85,60.4,4.68,-8.96,-8.66,6.78,3.2,1.32,1531690000.0,40665000000.0,36924000000.0,63.8,58.7,20.5,94.4,84.0,76.1,77.4,成交活跃、量比与换手适中、市值稳定性较高
sz000887,000887,sz,中鼎股份,20.45,-2.01,1.5,0.87,17.84,1.86,-2.11,-5.06,20.15,-1.73,-11.32,405330000.0,26922000000.000004,26879000000.000004,63.8,62.7,73.9,69.2,66.2,35.6,64.0,估值相对占优
sh603456,603456,sh,九洲药业,16.06,-2.61,1.87,1.09,23.93,1.61,-1.77,-4.58,8.73,26.66,-9.78,268470000.0,14160000000.0,14160000000.0,63.8,81.8,68.3,54.8,74.0,27.0,35.5,中期趋势靠前、量比与换手适中
sz000933,000933,sz,神火股份,26.74,2.81,1.09,1.65,8.74,2.17,3.52,-1.84,3.84,-13.41,0.24,646290000.0,60138000000.0,60100000000.0,63.7,20.7,81.1,80.5,73.8,95.6,85.8,估值相对占优、成交活跃、量比与换手适中
sz002768,002768,sz,国恩股份,61.19,-0.55,1.15,0.77,27.07,4.04,-3.18,0.89,28.12,38.45,72.22,177970000.0,26716000000.000004,15436000000.000002,63.7,96.3,44.4,32.3,61.2,56.4,63.1,中期趋势靠前
sh600839,600839,sh,四川长虹,7.03,1.59,0.88,1.84,15.21,1.95,2.48,2.48,4.46,-1.4,-22.23,285150000.0,32452000000.0,32443000000.0,63.6,47.4,75.4,56.6,67.8,87.0,69.7,估值相对占优
sh600938,600938,sh,中国海油,32.77,-2.21,1.06,2.06,12.49,1.91,-1.74,-0.24,4.1,-5.56,10.33,1035110000.0,1557557000000.0,97982000000.0,63.5,37.3,80.3,89.2,64.3,32.7,100.0,估值相对占优、成交活跃、市值稳定性较高
sh600958,600958,sh,东方证券,9.13,1.9,0.61,3.71,11.6,0.91,2.82,-0.33,-1.08,0.88,-14.67,409960000.0,77574000000.0,68196000000.0,63.5,40.2,93.4,69.9,28.4,91.4,89.2,估值相对占优、市值稳定性较高
sh600176,600176,sh,中国巨石,39.71,-0.2,1.97,0.95,35.08,4.79,-2.1,-8.31,3.44,2.08,134.83,3085360000.0,158965000000.0,157712000000.0,63.4,51.4,33.9,98.6,71.7,61.4,95.2,成交活跃、量比与换手适中、市值稳定性较高
sz300773,300773,sz,拉卡拉,16.2,1.25,5.42,2.4,10.94,3.8,13.29,2.21,7.36,-3.78,-19.23,895390000.0,17615000000.0,16663000000.0,63.4,46.9,66.8,86.4,68.6,82.1,45.3,成交活跃
sz301127,301127,sz,武汉天源,18.7,-2.04,2.68,1.26,58.87,3.75,0.75,26.69,42.53,40.16,23.42,327710000.0,12605000000.0,12238000000.0,63.4,98.1,26.9,62.0,84.2,35.1,31.4,中期趋势靠前、量比与换手适中
sh600739,600739,sh,辽宁成大,11.12,3.15,1.03,1.94,18.01,0.58,6.11,3.54,4.61,5.3,0.82,173170000.0,16928000000.0,16928000000.0,63.4,59.9,86.5,31.0,66.8,90.7,43.7,估值相对占优
sz002192,002192,sz,融捷股份,73.55,1.94,6.71,1.59,15.98,4.2,9.55,4.76,12.22,-8.2,42.73,1263890000.0,19098000000.0,19058000000.0,63.3,42.4,56.7,91.6,76.7,92.0,48.2,成交活跃、量比与换手适中
sh600378,600378,sh,昊华科技,43.82,1.11,1.83,1.07,36.06,3.13,-4.01,-8.52,1.53,1.86,38.81,856470000.0,56528000000.0,47000000000.0,63.3,47.9,42.5,86.0,73.3,80.1,84.9,成交活跃、量比与换手适中、市值稳定性较高
sz300483,300483,sz,首华燃气,24.37,1.46,1.93,1.08,26.99,2.41,7.31,5.5,13.3,22.34,71.86,176270000.0,9385000000.0,9371000000.0,63.3,85.7,56.0,32.1,74.3,85.1,18.8,中期趋势靠前、量比与换手适中
sz000630,000630,sz,铜陵有色,6.75,4.98,2.67,2.89,34.42,2.46,5.97,1.81,9.76,-3.98,13.26,1981660000.0,90514000000.0,75215000000.0,63.2,49.5,48.4,96.2,58.3,64.6,90.1,成交活跃、市值稳定性较高
sz000977,000977,sz,浪潮信息,74.42,0.42,1.25,0.75,42.77,4.91,2.13,-0.8,-0.69,14.49,11.81,1358110000.0,109283999999.99998,109161999999.99998,63.1,60.0,28.7,92.8,61.5,70.3,92.3,成交活跃、市值稳定性较高
sh601377,601377,sh,兴业证券,5.93,1.72,0.72,3.73,13.96,0.91,2.77,1.02,-1.0,3.85,-18.99,367640000.0,51211000000.0,51211000000.0,63.1,45.8,89.5,66.3,29.2,88.9,82.6,估值相对占优、市值稳定性较高
sz300014,300014,sz,亿纬锂能,56.13,2.86,1.11,1.61,20.92,2.43,1.32,-0.71,5.47,-14.28,-14.34,1306450000.0,121986999999.99998,118602000000.0,62.9,21.7,62.7,92.1,74.8,94.9,92.8,成交活跃、量比与换手适中、市值稳定性较高
sh603758,603758,sh,秦安股份,12.48,2.97,7.21,2.69,46.06,2.1,7.96,-10.54,36.69,14.08,-28.23,383220000.0,5405000000.0,5405000000.0,62.9,90.3,45.3,67.2,48.0,93.3,1.8,中期趋势靠前
sh601198,601198,sh,东兴证券,13.89,1.83,0.52,2.39,19.46,1.47,2.58,0.29,1.17,5.07,0.73,233090000.0,44899000000.0,44899000000.0,62.9,52.8,76.3,46.1,52.6,90.4,79.4,估值相对占优、市值稳定性较高
sz002440,002440,sz,闰土股份,12.32,1.9,1.67,1.2,17.2,1.4,-2.07,-7.23,-9.68,35.49,69.39,192770000.0,13847999999.999998,11659000000.0,62.9,59.2,79.8,36.0,74.9,91.4,34.1,估值相对占优、量比与换手适中
sh600352,600352,sh,浙江龙盛,12.43,-1.82,1.15,2.31,21.23,1.26,-2.89,-9.27,-8.27,14.77,21.74,461800000.0,40439000000.0,40439000000.0,62.7,53.8,75.9,72.8,59.4,38.3,76.9,估值相对占优、成交活跃、市值稳定性较高
sh603127,603127,sh,昭衍新药,46.71,-3.27,3.05,1.03,70.7,4.13,-6.2,-8.68,6.3,42.19,33.88,911800000.0,35002000000.0,29320999999.999996,62.6,80.5,20.8,86.9,82.0,17.6,72.4,中期趋势靠前、成交活跃、量比与换手适中
sh601997,601997,sh,贵阳银行,5.58,2.01,1.86,2.72,3.97,0.31,-1.93,-0.71,-1.41,-2.79,0.18,376700000.0,20402000000.0,20402000000.0,62.6,32.8,100.0,67.0,55.7,93.0,50.4,估值相对占优
sz002517,002517,sz,恺英网络,16.64,0.6,1.1,1.07,16.41,3.51,-0.72,-6.62,-0.3,7.21,-23.57,344500000.0,35550000000.0,31433999999.999996,62.6,53.5,61.1,64.5,67.5,72.9,72.6,市值稳定性较高
sz000938,000938,sz,紫光股份,35.15,0.14,1.88,0.85,47.31,6.55,-0.51,-5.0,-5.84,24.89,43.26,1882900000.0,100532000000.0,100532000000.0,62.5,58.8,22.2,95.7,68.7,66.3,91.2,成交活跃、市值稳定性较高
sh688131,688131,sh,皓元医药,97.11,-0.93,1.86,1.45,84.43,6.66,0.11,3.2,24.5,26.28,35.01,390420000.0,20707000000.0,20707000000.0,62.5,93.3,8.4,67.7,82.1,51.0,52.2,中期趋势靠前、量比与换手适中
sz300142,300142,sz,沃森生物,15.17,5.2,14.36,2.48,84.9,3.37,20.4,15.27,24.45,24.91,41.05,3501060000.0,24262000000.0,23936000000.0,62.4,92.7,21.0,99.1,23.0,61.4,59.3,中期趋势靠前、成交活跃
sh600829,600829,sh,人民同泰,10.13,-0.1,4.75,1.87,41.29,1.9,-5.42,-5.24,11.93,15.77,-6.29,281890000.0,5874000000.0,5874000000.0,62.4,81.3,50.7,56.1,85.8,62.9,3.1,中期趋势靠前、量比与换手适中
sh603162,603162,sh,海通发展,12.11,1.25,3.25,1.07,18.47,3.42,1.85,6.51,9.69,6.98,50.1,165590000.0,16650000000.0,5115000000.0,62.3,70.0,59.4,28.5,84.4,82.1,42.8,中期趋势靠前、量比与换手适中
sz002532,002532,sz,天山铝业,12.89,2.55,1.17,1.73,8.63,1.86,1.02,-7.76,1.15,-14.6,-17.04,620180000.0,59664000000.0,52937000000.0,62.2,13.3,85.2,78.9,72.6,99.3,85.7,估值相对占优、成交活跃、量比与换手适中
sh688278,688278,sh,特宝生物,60.42,1.09,1.18,1.51,22.84,7.95,-6.18,1.79,4.73,9.56,-27.26,295400000.0,24663000000.0,24663000000.0,62.2,66.7,38.8,58.1,77.6,79.9,60.4,量比与换手适中
sh600490,600490,sh,鹏欣资源,7.64,4.09,2.76,2.05,54.77,2.66,8.22,4.51,17.36,2.43,-0.77,415290000.0,16906000000.0,15224000000.0,62.0,68.4,35.8,70.4,77.9,77.3,43.5,成交活跃、量比与换手适中
sz300725,300725,sz,药石科技,47.02,-4.28,7.58,1.32,52.18,2.42,-4.84,-4.86,23.7,38.58,23.15,741050000.0,10994000000.0,9532000000.0,61.8,94.9,38.7,83.5,67.8,3.1,25.3,中期趋势靠前、成交活跃
sz000581,000581,sz,威孚高科,18.55,6.06,3.63,16.02,14.91,0.9,7.66,6.43,5.34,0.0,-6.88,542020000.0,17934000000.0,14727000000.000002,61.8,50.9,88.7,76.5,52.1,49.1,46.2,估值相对占优、成交活跃
sz002497,002497,sz,雅化集团,19.32,3.65,3.17,2.13,13.0,1.83,3.21,0.63,8.48,-14.18,-21.75,642090000.0,22268000000.0,20471000000.0,61.7,26.3,80.3,80.1,79.3,83.6,54.7,估值相对占优、成交活跃、量比与换手适中
sz301607,301607,sz,富特科技,42.24,0.81,3.76,1.47,36.32,5.48,-1.95,2.8,22.12,7.31,48.01,241370000.0,9890000000.0,6412000000.0,61.7,80.3,30.5,48.2,97.4,75.9,21.1,中期趋势靠前、量比与换手适中
sh601678,601678,sh,滨化股份,6.31,1.28,2.77,1.66,55.13,1.31,-2.47,-11.75,-3.96,13.49,50.24,353910000.0,15201000000.0,12893000000.0,61.6,55.2,50.6,65.4,86.7,82.6,38.4,量比与换手适中
sz300039,300039,sz,上海凯宝,5.72,2.14,5.39,2.35,23.14,1.4,1.6,-1.04,2.33,8.33,-3.54,287560000.0,5983000000.0,5243000000.0,61.5,60.5,71.9,57.0,70.0,94.9,4.1,估值相对占优、量比与换手适中
sh601696,601696,sh,中银证券,11.95,2.93,1.24,3.67,29.47,1.72,4.73,-1.35,2.29,6.29,-20.19,407570000.0,33197000000.000004,33197000000.000004,61.4,58.0,60.7,69.5,33.3,93.9,70.4,市值稳定性较高
sz003010,003010,sz,若羽臣,30.2,0.67,4.6,2.01,39.25,13.43,13.92,3.18,16.92,18.5,-12.91,316160000.0,9394000000.0,6829000000.000001,61.4,87.1,21.3,60.9,83.8,73.9,19.0,中期趋势靠前、量比与换手适中
sh689009,689009,sh,九号公司-WD,43.14,-0.83,0.93,1.34,20.82,4.9,-2.62,-3.88,5.67,17.81,-20.65,225640000.0,31745000000.0,24255000000.0,61.4,73.9,47.6,44.4,72.3,52.4,69.4,中期趋势靠前、量比与换手适中
sh600888,600888,sh,新疆众和,10.5,1.06,2.06,1.34,20.56,1.26,7.25,3.65,15.01,-10.26,30.27,333960000.0,16307000000.0,16307000000.0,61.3,40.0,77.4,62.9,81.2,79.4,42.3,估值相对占优、量比与换手适中
sh603067,603067,sh,振华股份,34.62,2.7,1.62,1.39,39.44,7.01,1.29,3.13,10.04,0.58,20.84,418920000.0,26156000000.0,26156000000.0,61.2,58.6,25.5,71.1,78.8,97.1,62.5,成交活跃、量比与换手适中
sh600916,600916,sh,中国黄金,8.07,1.13,2.58,1.42,44.51,1.92,5.63,2.28,6.61,2.91,0.85,346570000.0,13558000000.000002,13558000000.000002,61.1,57.7,48.4,64.9,87.0,80.4,33.2,量比与换手适中
sh688138,688138,sh,清溢光电,34.62,2.52,2.38,2.54,51.11,3.8,-1.87,1.05,20.12,11.57,23.33,260470000.0,10898000000.0,10898000000.0,61.1,84.2,29.5,52.7,63.9,99.7,24.7,中期趋势靠前
sh600989,600989,sh,宝丰能源,23.12,-0.52,0.54,1.32,11.04,3.07,-2.28,-1.32,-0.6,-5.82,20.35,907540000.0,169547000000.0,169547000000.0,61.0,27.0,71.3,86.7,68.8,56.9,96.2,估值相对占优、成交活跃、市值稳定性较高
sz300016,300016,sz,北陆药业,9.49,-2.27,7.41,1.51,38.73,2.21,14.34,10.09,21.36,17.16,19.52,405850000.0,5520000000.0,5335000000.0,61.0,88.6,48.2,69.4,73.0,31.9,2.3,中期趋势靠前、量比与换手适中
sz300244,300244,sz,迪安诊断,18.98,-2.47,3.37,1.1,44.57,1.83,-2.27,-8.57,13.04,9.53,22.39,326230000.0,11862000000.0,9518000000.0,61.0,77.5,49.4,61.8,86.1,29.0,28.1,中期趋势靠前、量比与换手适中
sh601001,601001,sh,晋控煤业,18.16,2.6,0.79,1.37,18.33,1.63,5.58,4.01,10.93,-9.67,44.09,238360000.0,30394000000.0,30394000000.0,61.0,37.4,76.0,47.5,71.9,98.6,67.9,估值相对占优、量比与换手适中
sz002926,002926,sz,华西证券,8.53,3.02,0.83,5.01,11.6,0.88,3.9,1.55,2.52,6.88,-6.38,183990000.0,22391000000.0,22391000000.0,60.9,59.2,93.8,33.7,30.1,92.6,55.0,估值相对占优
sh601020,601020,sh,华钰矿业,22.62,3.76,2.84,1.61,21.68,4.38,8.49,-0.79,20.9,-9.56,-15.54,523300000.0,18548000000.0,18548000000.0,60.8,45.4,48.3,75.6,88.4,82.0,47.1,成交活跃、量比与换手适中
sh600415,600415,sh,小商品城,12.18,0.08,0.7,1.37,14.87,3.02,1.42,3.13,-3.72,0.16,-21.17,467640000.0,66790000000.0,66790000000.0,60.8,35.3,66.5,73.3,71.1,65.4,86.9,成交活跃、量比与换手适中、市值稳定性较高
sz002409,002409,sz,雅克科技,135.05,-1.56,3.78,1.34,61.9,8.03,-5.54,-12.98,-11.26,23.19,83.02,1617280000.0,64274000000.0,43016000000.0,60.7,56.3,13.0,94.8,94.7,42.0,86.4,成交活跃、量比与换手适中、市值稳定性较高
sz002266,002266,sz,浙富控股,4.98,3.75,0.81,1.68,17.93,2.11,2.26,-0.99,8.26,-0.62,21.43,191470000.0,25992000000.0,24116000000.0,60.7,54.1,70.5,35.5,70.9,82.1,62.0,估值相对占优、量比与换手适中
sz301039,301039,sz,中集车辆,8.54,2.89,0.85,1.64,19.17,1.14,6.35,6.88,3.89,10.62,-2.95,104930000.0,16005000000.000002,12357000000.0,60.7,66.5,80.1,2.7,72.1,94.4,41.2,估值相对占优、量比与换手适中
sz000989,000989,sz,九芝堂,9.03,2.03,3.28,1.81,23.49,2.1,-2.27,-3.73,0.22,10.66,7.08,219940000.0,7729000000.000001,6630000000.0,60.6,59.5,63.1,43.0,87.4,93.3,12.0,量比与换手适中
sh600061,600061,sh,国投资本,6.48,2.69,0.54,4.04,12.31,0.77,4.52,0.93,0.15,2.76,-13.55,219800000.0,41434000000.0,41434000000.0,60.6,46.1,93.4,42.8,27.8,97.3,78.0,估值相对占优、市值稳定性较高
sh600160,600160,sh,巨化股份,38.24,0.84,0.62,1.5,23.56,4.68,-1.44,-7.18,-2.22,1.03,1.0,631880000.0,103238000000.00002,103238000000.00002,60.5,39.1,45.0,79.6,73.4,76.3,91.6,成交活跃、量比与换手适中、市值稳定性较高
sz001280,001280,sz,中国铀业,70.04,1.7,2.83,1.31,84.25,8.78,3.23,7.84,15.58,-1.24,15.46,344590000.0,144855000000.0,12168000000.0,60.5,61.1,6.1,64.7,86.5,88.6,94.3,量比与换手适中、市值稳定性较高
sh600459,600459,sh,贵研铂业,21.45,1.8,1.88,1.08,26.54,1.96,-0.79,-1.2,18.38,-7.55,16.82,303700000.0,17659000000.0,16296000000.0,60.5,49.0,61.3,59.1,73.9,90.0,45.5,量比与换手适中
sz300566,300566,sz,激智科技,27.78,-2.66,4.77,1.35,35.95,2.9,-0.75,-3.04,19.79,13.47,53.04,302590000.0,7281000000.0,6297000000.0,60.5,85.4,44.0,59.0,90.6,26.3,10.2,中期趋势靠前、量比与换手适中
sz300191,300191,sz,潜能恒信,34.85,0.66,5.87,1.93,59.04,9.07,8.63,6.44,25.04,10.46,89.09,438850000.0,11152000000.0,7709000000.0,60.4,85.2,13.2,72.2,75.6,73.7,26.3,中期趋势靠前、成交活跃、量比与换手适中
sz002673,002673,sz,西部证券,6.83,3.96,0.93,5.52,17.47,1.01,5.89,1.79,2.09,3.8,-12.44,279570000.0,30527000000.0,30527000000.0,60.3,52.4,84.2,55.9,30.9,79.1,68.3,估值相对占优
sz300866,300866,sz,安克创新,124.79,2.2,0.66,2.02,29.11,7.11,8.6,0.4,4.03,6.09,10.74,255280000.0,73383000000.0,38596000000.0,60.3,61.1,32.7,51.6,62.1,95.7,88.2,市值稳定性较高
sh603605,603605,sh,珀莱雅,63.83,4.3,2.76,4.14,13.54,3.8,14.72,8.41,4.42,0.22,-5.14,694760000.0,25275000000.0,25275000000.0,60.2,50.0,63.2,81.7,45.3,74.3,61.1,成交活跃
sh600704,600704,sh,物产中大,4.98,1.84,0.58,2.39,7.22,0.62,2.89,1.43,0.2,2.68,-6.92,148540000.0,25752000000.0,25752000000.0,60.2,46.1,98.4,23.3,53.1,90.6,61.8,估值相对占优
sz300628,300628,sz,亿联网络,40.91,-0.02,0.9,0.88,17.97,5.63,2.74,5.01,6.9,3.57,19.1,267280000.0,51829999999.99999,29695000000.0,60.1,60.1,49.8,54.3,61.7,64.0,83.0,市值稳定性较高
sz002850,002850,sz,科达利,180.37,1.8,0.66,0.91,26.65,3.42,-0.82,-5.32,3.52,3.74,16.1,251210000.0,51646000000.0,37817000000.0,60.1,54.6,48.8,50.9,60.5,90.0,82.8,市值稳定性较高
sz300012,300012,sz,华测检测,15.15,0.33,1.1,0.93,22.91,3.18,1.07,7.83,8.29,5.14,13.48,238280000.0,25495000000.0,21694000000.0,60.1,64.7,54.4,47.3,64.4,69.0,61.5,趋势因子相对较强
sz000902,000902,sz,新洋丰,13.93,2.28,0.66,1.2,10.78,1.41,4.89,5.77,1.98,7.82,-9.07,104250000.0,17478000000.0,15919000000.0,60.0,59.1,88.5,2.3,67.0,96.9,45.0,估值相对占优
sz000685,000685,sz,中山公用,11.42,2.61,1.03,2.97,7.77,0.9,5.06,2.06,3.25,4.24,1.38,145620000.0,16761000000.000002,14236000000.000002,59.9,55.1,97.1,21.5,43.6,98.4,43.0,估值相对占优
sh600312,600312,sh,平高电气,20.39,1.65,0.86,1.44,21.75,2.33,4.08,2.62,3.19,-0.47,18.5,236540000.0,27668000000.0,27668000000.0,59.8,46.2,62.5,47.0,74.0,87.9,65.2,量比与换手适中
sh600109,600109,sh,国金证券,8.8,3.04,0.71,4.49,13.66,0.91,3.9,0.46,1.62,1.62,-4.56,229350000.0,32607000000.0,32607000000.0,59.8,47.7,90.3,45.5,29.2,92.3,69.9,估值相对占优
sz001248,001248,sz,华润新能源,12.11,-0.08,1.44,0.93,34.23,1.36,-1.22,-7.27,-13.13,19.78,19.78,184450000.0,161325000000.0,12866000000.0,59.8,54.7,61.6,34.2,67.1,63.1,95.5,市值稳定性较高
sh601128,601128,sh,常熟银行,6.37,0.63,0.67,1.37,5.35,0.73,2.91,4.26,0.63,-0.75,1.26,156340000.0,23239000000.0,23239000000.0,59.7,41.3,98.5,25.8,70.9,73.3,57.7,估值相对占优、量比与换手适中
sz000893,000893,sz,亚钾国际,48.8,5.22,1.4,1.78,24.77,3.27,1.2,3.39,-4.93,4.49,1.96,543860000.0,45094000000.0,39616000000.0,59.6,42.3,51.6,76.7,73.3,61.1,79.6,成交活跃、量比与换手适中、市值稳定性较高
sh688123,688123,sh,聚辰股份,129.91,-0.09,2.3,0.95,30.19,6.61,-8.13,-7.47,12.77,2.13,4.03,469030000.0,20643000000.0,20643000000.0,59.6,64.6,32.8,73.5,74.3,63.0,52.0,成交活跃、量比与换手适中
sz300347,300347,sz,泰格医药,51.02,-2.39,1.42,0.74,56.94,2.11,-1.47,-4.99,0.47,30.59,-9.83,417200000.0,43930000000.0,28902000000.0,59.5,68.5,39.8,71.0,62.6,30.1,79.2,成交活跃、市值稳定性较高
sh601677,601677,sh,明泰铝业,16.86,2.87,1.61,1.91,8.64,1.03,-0.3,-1.23,2.43,-13.38,15.68,337150000.0,20962000000.0,20962000000.0,59.5,18.5,94.9,63.3,72.0,94.7,52.4,估值相对占优、量比与换手适中
sh600251,600251,sh,冠农股份,10.47,0.77,1.73,1.74,13.89,1.92,4.8,5.86,12.58,4.6,14.18,139790000.0,8134999999.999999,8134999999.999999,59.5,68.6,77.7,19.0,76.8,75.3,14.7,估值相对占优、量比与换手适中
sz300613,300613,sz,富瀚微,66.19,-1.0,2.77,1.64,71.57,5.32,-6.96,-14.93,12.66,13.38,43.95,401190000.0,15415000000.0,14541000000.0,59.4,80.4,15.2,68.6,87.2,50.0,38.7,中期趋势靠前、量比与换手适中
sz000987,000987,sz,越秀资本,7.74,2.52,0.51,3.05,9.33,1.19,5.02,0.26,-0.26,0.12,-3.38,195590000.0,38833000000.0,38803000000.0,59.4,40.5,92.6,37.1,37.7,99.7,75.1,估值相对占优、市值稳定性较高
sz002738,002738,sz,中矿资源,52.61,4.49,2.76,2.01,25.93,2.9,2.2,-1.26,8.03,-12.32,-32.59,1013640000.0,38373000000.0,37407000000.0,59.2,29.5,53.0,88.7,78.8,71.6,74.6,成交活跃、量比与换手适中、市值稳定性较高
sh603950,603950,sh,长源东谷,67.1,3.34,2.22,2.32,55.18,7.12,16.05,16.25,27.13,0.25,132.82,466190000.0,21749000000.0,21732000000.0,59.2,68.8,16.7,72.9,67.6,88.0,53.2,成交活跃
sh600864,600864,sh,哈投股份,5.8,6.42,4.06,7.78,32.46,0.92,9.43,5.45,6.81,5.09,-11.84,484920000.0,12067000000.0,12067000000.0,59.0,62.7,68.0,74.2,54.5,44.0,28.9,成交活跃
sz002653,002653,sz,海思科,65.84,2.36,0.73,1.83,97.86,13.0,-2.05,-4.79,3.0,30.92,28.96,260540000.0,75116000000.0,35342000000.0,58.9,73.7,1.0,53.0,66.9,98.0,88.7,中期趋势靠前、市值稳定性较高
sh688336,688336,sh,三生国健,43.3,-0.37,0.57,1.01,12.6,4.56,-7.83,-7.46,4.84,4.38,6.2,226110000.0,38807000000.0,38807000000.0,58.9,58.4,60.2,44.6,62.0,59.0,74.9,市值稳定性较高
sh600395,600395,sh,盘江股份,5.61,2.37,1.44,1.75,30.26,1.14,7.27,10.22,16.63,-3.61,21.96,169840000.0,12043000000.0,12043000000.0,58.8,57.1,66.8,29.7,74.3,98.1,28.7,量比与换手适中
sh600460,600460,sh,士兰微,33.21,-3.23,5.81,1.45,85.06,4.47,-3.71,1.1,11.07,0.79,17.23,3212690000.0,55264000000.0,55264000000.0,58.7,60.3,14.2,98.7,84.7,18.1,84.1,成交活跃、量比与换手适中、市值稳定性较高
sh600584,600584,sh,长电科技,74.02,-0.04,2.29,0.92,68.31,4.58,-4.79,-5.32,3.26,-1.63,101.8,3019270000.0,132452000000.0,132452000000.0,58.7,44.5,19.1,98.2,73.5,63.7,93.7,成交活跃、量比与换手适中、市值稳定性较高
sz002537,002537,sz,海联金汇,6.32,0.8,4.29,2.88,24.14,1.66,14.91,6.76,10.49,0.16,-30.24,313790000.0,7420000000.0,7398000000.0,58.7,58.4,67.5,60.4,66.7,75.7,10.8,估值因子相对较强
sh600546,600546,sh,山煤国际,13.55,1.8,0.62,1.17,20.05,1.68,3.67,4.63,8.49,-3.66,39.19,163230000.0,26862000000.0,26862000000.0,58.7,48.8,73.2,28.1,66.0,90.0,63.4,估值相对占优
sh600368,600368,sh,五洲交通,4.19,1.21,2.05,3.15,12.17,0.92,6.35,4.23,8.83,8.8,10.82,138480000.0,6744000000.0,6744000000.0,58.7,71.5,92.3,18.6,47.6,81.6,7.4,中期趋势靠前、估值相对占优
sh601918,601918,sh,新集能源,10.37,-0.96,0.81,1.14,11.04,1.5,3.29,4.85,6.8,-4.42,61.02,216720000.0,26864000000.0,26864000000.0,58.6,44.5,87.3,42.5,66.8,50.6,63.6,估值相对占优
sh600179,600179,sh,安通控股,4.56,3.64,0.96,2.61,15.69,1.54,5.31,5.8,5.07,3.87,-17.39,166490000.0,19296000000.0,17612000000.0,58.6,57.7,80.0,28.9,51.1,83.7,49.1,估值相对占优
sz000019,000019,sz,深粮控股,6.79,2.11,4.82,1.33,43.7,1.58,0.3,10.05,12.42,5.43,-0.59,135740000.0,7826000000.000001,2826000000.0,58.6,70.2,53.7,17.6,89.7,94.4,12.7,中期趋势靠前、量比与换手适中
sh688578,688578,sh,艾力斯,112.4,-1.4,0.65,0.87,18.88,5.98,-3.5,-4.19,-4.99,29.37,8.55,332200000.0,50580000000.0,50580000000.0,58.5,60.4,47.2,62.7,59.5,44.3,82.1,市值稳定性较高
sz301580,301580,sz,爱迪特,52.35,2.85,3.45,1.75,37.42,3.57,3.79,-1.63,1.89,32.51,67.56,175550000.0,7809999999.999999,5278000000.0,58.5,72.0,39.0,31.9,90.1,95.0,12.5,中期趋势靠前、量比与换手适中
sz300623,300623,sz,捷捷微电,30.07,1.59,1.98,1.05,47.43,4.03,7.78,11.45,23.49,-7.31,11.29,451770000.0,25021000000.0,23083000000.0,58.3,51.7,30.2,72.6,74.0,87.0,60.9,成交活跃、量比与换手适中
sh688428,688428,sh,诺诚健华,28.52,-0.63,2.52,1.39,54.91,6.57,-6.74,-9.03,3.97,25.92,38.99,200210000.0,50455000000.0,7781000000.0,58.3,74.6,18.1,38.0,85.9,55.3,81.7,中期趋势靠前、量比与换手适中、市值稳定性较高
sz002262,002262,sz,恩华药业,22.17,1.56,0.75,1.38,20.52,2.68,-2.76,0.32,0.77,9.43,-6.57,146330000.0,22520000000.0,19593000000.0,58.3,59.2,61.7,21.7,71.8,86.6,55.4,量比与换手适中
sz000060,000060,sz,中金岭南,6.79,3.51,2.46,2.69,29.21,1.53,5.6,0.59,7.95,-12.78,17.17,733210000.0,30156000000.0,30155000000.0,58.2,28.5,63.7,83.2,61.1,85.6,67.4,成交活跃
sh603269,603269,sh,海鸥股份,18.48,0.27,2.63,1.39,67.0,8.17,3.47,5.24,59.04,22.94,100.26,209020000.0,7981999999.999999,7981999999.999999,58.2,95.5,11.7,39.8,86.8,68.1,13.8,中期趋势靠前、量比与换手适中
sz301282,301282,sz,金禄电子,33.81,-0.56,5.07,0.92,76.13,4.07,-10.22,27.83,50.4,13.46,63.21,298770000.0,7131999999.999999,5970000000.0,58.1,90.3,19.3,58.6,78.5,56.3,9.3,中期趋势靠前、量比与换手适中
sh603217,603217,sh,元利科技,28.36,-0.11,2.18,2.28,28.48,1.74,9.58,11.48,47.94,12.41,12.01,127690000.0,5901000000.0,5901000000.0,58.1,89.4,61.9,14.0,68.2,62.7,3.6,中期趋势靠前
sh601888,601888,sh,中国中免,53.16,1.05,0.57,1.56,26.99,1.92,0.53,-4.37,-7.35,-5.89,-43.51,592230000.0,110456000000.0,103794000000.0,58.0,20.2,61.5,78.3,71.7,79.3,92.5,成交活跃、量比与换手适中、市值稳定性较高
sh688503,688503,sh,聚和材料,84.48,-1.85,2.55,0.76,33.0,3.93,-10.4,12.64,32.0,-3.22,39.44,526000000.0,20447000000.0,20447000000.0,58.0,63.4,39.6,76.2,72.0,37.9,50.9,成交活跃、量比与换手适中
sh600390,600390,sh,五矿资本,5.13,2.81,1.08,4.03,43.71,0.54,8.23,4.91,3.22,6.74,-7.33,246380000.0,23075000000.0,23075000000.0,58.0,59.7,62.9,49.8,32.1,95.6,56.8,估值因子相对较强
sz002594,002594,sz,比亚迪,91.91,0.6,0.52,1.82,30.42,3.66,3.67,1.66,-2.73,-4.66,-5.6,1677630000.0,837962000000.0001,320455000000.0,57.9,26.6,43.2,95.0,65.5,72.9,99.5,成交活跃、市值稳定性较高
sh601388,601388,sh,怡球资源,3.64,6.43,5.28,7.9,21.9,1.7,11.31,8.33,17.8,2.54,21.94,419350000.0,8012000000.0,8012000000.0,57.8,68.9,69.5,71.3,44.9,43.9,14.0,成交活跃
sz000973,000973,sz,佛塑科技,14.19,1.07,2.09,0.89,54.11,3.82,2.98,5.58,14.62,-2.59,-3.39,298130000.0,34882000000.0,14357000000.0,57.6,58.0,27.6,58.4,71.3,79.6,72.2,量比与换手适中、市值稳定性较高
sz000065,000065,sz,北方国际,10.11,1.3,3.4,2.43,15.86,1.05,15.41,10.01,8.94,-13.69,-17.96,371060000.0,11742000000.0,10767000000.0,57.5,27.5,85.1,66.7,74.4,82.9,28.0,估值相对占优、量比与换手适中
sh603236,603236,sh,移远通信,55.58,-1.89,1.07,0.82,23.27,3.06,-5.99,2.87,10.15,5.89,-18.12,241760000.0,22530000000.0,22530000000.0,57.5,69.1,55.1,48.4,61.7,37.3,55.6,趋势因子相对较强
sz002241,002241,sz,歌尔股份,23.36,1.26,1.35,1.03,20.8,2.18,6.28,3.55,-1.39,-12.51,-18.13,986250000.0,82981000000.0,73484000000.0,57.4,11.8,65.7,88.2,68.6,82.3,89.6,成交活跃、市值稳定性较高
sh603650,603650,sh,彤程新材,61.82,-0.5,1.09,0.86,63.4,9.07,-9.09,-4.35,4.64,18.16,41.65,412200000.0,38085000000.0,37994000000.0,57.4,73.0,11.9,70.1,62.7,57.1,74.4,中期趋势靠前、成交活跃、市值稳定性较高
sz000338,000338,sz,潍柴动力,27.26,0.89,0.7,1.18,20.83,2.56,-3.95,-11.88,1.28,-14.4,62.01,943810000.0,235532000000.00003,135110999999.99998,57.3,14.3,61.8,87.5,66.9,77.0,97.7,成交活跃、市值稳定性较高
sz002156,002156,sz,通富微电,61.83,1.53,2.57,0.97,64.87,6.04,-2.77,-1.64,-0.43,-3.15,64.36,2398440000.0,93833000000.0,93824000000.0,57.2,34.3,15.7,97.1,76.8,86.1,91.0,成交活跃、量比与换手适中、市值稳定性较高
sh601611,601611,sh,中国核建,11.06,4.05,1.42,4.75,28.48,1.49,3.46,-4.66,5.13,-3.91,-17.65,474100000.0,33333000000.0,33333000000.0,57.2,43.2,65.3,73.8,34.7,77.9,70.8,成交活跃、市值稳定性较高
sz000751,000751,sz,锌业股份,5.29,3.12,3.82,2.24,75.38,2.32,8.4,1.73,18.61,-1.86,29.66,324260000.0,8547000000.0,8547000000.0,57.2,61.8,31.9,61.6,81.9,91.1,16.3,量比与换手适中
sz000025,000025,sz,特  力Ａ,16.24,1.5,3.09,1.8,48.77,3.76,3.51,6.28,14.21,8.56,-6.4,195570000.0,7000000000.0,6379000000.0,57.2,77.0,31.0,36.9,86.1,85.7,8.8,中期趋势靠前、量比与换手适中
sz002463,002463,sz,沪电股份,119.88,4.89,2.24,2.6,45.57,12.82,5.7,-2.54,13.9,-8.49,65.19,5136590000.0,230692999999.99997,230511000000.0,57.1,43.7,17.8,99.6,61.4,65.9,97.3,成交活跃、市值稳定性较高
sz300821,300821,sz,东岳硅材,15.7,-0.25,2.32,0.79,51.3,3.53,-14.21,-7.27,5.8,5.51,34.88,434040000.0,18840000000.0,18837000000.0,57.1,62.3,31.1,71.7,70.8,60.7,47.7,成交活跃、量比与换手适中
sh601878,601878,sh,浙商证券,9.37,1.74,0.53,4.39,14.91,1.14,2.4,-0.95,-0.74,0.97,-11.94,224420000.0,42856000000.0,42856000000.0,57.1,41.3,85.3,44.1,27.7,89.1,79.0,估值相对占优、市值稳定性较高
sh603929,603929,sh,亚翔集成,161.62,0.44,1.08,1.04,28.23,14.44,-3.49,-2.86,0.24,8.0,72.21,371660000.0,34483000000.0,34483000000.0,57.0,55.9,29.8,66.8,66.7,70.6,71.7,市值稳定性较高
sh603323,603323,sh,苏农银行,4.32,2.37,2.24,3.76,4.61,0.48,3.35,3.6,0.0,0.89,-3.61,213750000.0,9592000000.0,9592000000.0,57.0,42.9,99.6,41.4,41.2,98.1,19.9,估值相对占优
sh603283,603283,sh,赛腾股份,46.01,-2.31,4.23,1.7,29.84,4.64,-0.78,-0.93,13.6,-4.56,39.81,684640000.0,16219999999.999998,16219999999.999998,56.9,52.3,38.1,81.4,93.7,31.3,41.9,成交活跃、量比与换手适中
sz002925,002925,sz,盈趣科技,23.04,2.31,1.82,2.95,22.88,3.4,2.9,-1.5,1.05,4.44,37.86,310640000.0,17779000000.0,16844000000.0,56.9,51.5,53.1,60.0,50.2,97.3,45.9,流动性因子相对较强
sz002601,002601,sz,龙佰集团,16.32,4.02,0.82,2.73,52.2,1.7,6.46,2.06,-2.1,13.73,-16.65,261700000.0,38911000000.0,32438000000.0,56.9,57.2,46.8,53.2,47.3,78.3,75.3,市值稳定性较高
sz000563,000563,sz,陕国投Ａ,3.11,2.3,0.93,3.17,11.08,0.84,6.51,3.32,1.3,3.67,-8.26,146620000.0,15904000000.0,15904000000.0,56.9,50.7,94.5,22.0,38.3,97.1,40.3,估值相对占优
sz300054,300054,sz,鼎龙股份,72.04,-0.21,1.32,0.95,73.27,12.23,-3.35,-7.14,3.51,6.98,92.11,704680000.0,68771000000.0,53629000000.0,56.8,60.8,6.9,82.1,66.6,61.3,87.6,成交活跃、市值稳定性较高
sz002138,002138,sz,顺络电子,47.13,-0.76,1.77,1.21,38.69,5.79,-0.59,-5.74,9.22,-3.52,35.67,635580000.0,38002000000.0,36118000000.0,56.8,50.1,28.2,79.9,76.0,53.4,74.2,成交活跃、量比与换手适中、市值稳定性较高
sh600426,600426,sh,华鲁恒升,20.26,1.5,0.71,1.2,13.59,1.59,-3.34,-5.28,-6.16,-10.54,-15.53,389370000.0,55714000000.0,55705999999.99999,56.8,10.0,82.5,67.4,67.4,85.7,84.6,估值相对占优、市值稳定性较高
sz000612,000612,sz,焦作万方,11.25,2.83,1.87,1.98,9.44,1.83,2.83,-3.68,2.18,-7.94,5.19,248560000.0,13412000000.0,13412000000.0,56.8,28.6,85.0,50.5,72.5,95.3,32.6,估值相对占优、量比与换手适中
sh600345,600345,sh,长江通信,47.9,-0.21,3.57,2.23,23.54,3.77,6.61,1.44,16.38,-7.21,38.64,361420000.0,15788000000.0,10134000000.0,56.7,48.7,50.3,65.8,80.2,61.3,39.6,量比与换手适中
sz300401,300401,sz,花园生物,14.03,-4.43,2.99,1.2,27.77,2.3,-3.04,-10.06,12.42,16.33,-6.51,228580000.0,7644000000.0,7520999999.999999,56.7,81.8,56.5,45.3,85.3,1.0,11.5,中期趋势靠前、量比与换手适中
sz002236,002236,sz,大华股份,16.24,0.37,0.54,1.04,14.1,1.36,0.62,-2.29,-1.1,-3.91,-12.56,209350000.0,53092999999.99999,38832000000.0,56.7,30.8,84.0,40.0,62.5,69.6,83.7,估值相对占优、市值稳定性较高
sz002500,002500,sz,山西证券,5.5,3.58,0.94,6.26,21.23,1.07,6.18,2.8,2.42,7.84,-6.94,183940000.0,19744000000.0,19744000000.0,56.7,60.0,77.7,33.5,31.0,84.6,49.8,估值相对占优
sz000686,000686,sz,东北证券,8.06,2.68,0.77,2.88,10.57,0.92,2.94,0.0,0.25,1.64,-12.1,144960000.0,18864000000.0,18864000000.0,56.7,44.9,94.6,21.3,43.6,97.4,47.8,估值相对占优
sz003031,003031,sz,中瓷电子,128.43,0.34,2.2,1.32,85.16,9.1,-0.63,7.57,30.32,-9.3,76.61,957480000.0,57929000000.0,43686000000.0,56.6,48.9,5.1,87.6,81.8,69.1,85.5,成交活跃、量比与换手适中、市值稳定性较高
sz300001,300001,sz,特锐德,36.57,0.69,0.69,1.3,28.72,4.37,1.19,-0.38,7.02,-1.56,43.51,258160000.0,38593000000.0,37710000000.0,56.6,51.1,40.6,52.3,69.5,74.1,74.7,市值稳定性较高
sz300999,300999,sz,金龙鱼,25.84,1.73,1.72,1.92,37.95,1.44,1.49,-0.39,-1.64,-4.3,-9.37,240080000.0,140094000000.0,14022000000.0,56.6,28.6,58.2,47.8,72.6,89.0,93.9,量比与换手适中、市值稳定性较高
sz002250,002250,sz,联化科技,15.79,5.27,1.54,2.06,28.07,2.05,0.25,-9.62,1.02,12.79,19.8,214260000.0,14209000000.0,14138000000.0,56.6,62.7,58.7,41.6,68.1,60.4,36.0,趋势因子相对较强
sh601952,601952,sh,苏垦农发,8.91,-0.34,1.38,1.35,25.65,1.71,1.37,8.26,10.0,2.77,-0.67,169920000.0,12278000000.0,12278000000.0,56.6,62.2,65.4,29.9,76.0,59.4,29.9,量比与换手适中
sz002384,002384,sz,东山精密,192.56,0.9,2.57,1.5,98.38,14.47,-2.3,-3.81,7.11,-8.71,127.48,6773790000.0,352694000000.0,266950000000.0,56.5,34.9,0.5,99.8,88.8,77.1,98.9,成交活跃、量比与换手适中、市值稳定性较高
sz002379,002379,sz,宏桥控股,18.42,2.73,1.94,1.21,9.73,4.15,-0.7,-13.68,-10.23,-12.49,-22.18,404400000.0,240033000000.0,20932000000.0,56.5,6.1,66.3,69.0,77.3,96.7,97.8,量比与换手适中、市值稳定性较高
sz000408,000408,sz,藏格矿业,80.62,6.47,1.01,2.89,22.23,7.36,6.7,-0.65,1.28,1.74,-2.75,1260070000.0,126485999999.99998,126484999999.99998,56.4,47.3,40.1,91.4,45.2,43.3,93.4,成交活跃、市值稳定性较高
sz000923,000923,sz,河钢资源,16.45,5.38,2.63,2.64,60.99,1.1,8.37,9.96,9.67,5.79,-20.03,268420000.0,10737000000.0,10329000000.0,56.4,68.0,50.0,54.7,63.6,58.9,23.8,趋势因子相对较强
sh603132,603132,sh,金徽股份,19.25,4.28,1.08,3.47,26.97,6.14,5.13,2.56,27.31,11.46,36.43,205450000.0,18826000000.0,18826000000.0,56.4,86.9,37.1,38.5,32.7,74.6,47.5,中期趋势靠前
sh603156,603156,sh,养元饮品,41.43,-3.56,1.27,1.8,38.11,5.95,-24.08,-17.81,10.92,0.83,49.3,663140000.0,52213000000.0,52213000000.0,56.3,60.3,28.3,80.6,71.8,13.4,83.2,成交活跃、量比与换手适中、市值稳定性较高
sz001257,001257,sz,盛龙股份,26.38,3.29,13.88,2.52,49.15,6.29,9.64,3.01,10.33,5.56,243.94,500260000.0,48432000000.0,3613000000.0000005,56.3,68.7,20.8,74.9,22.0,88.7,80.6,成交活跃、市值稳定性较高
sh603338,603338,sh,浙江鼎力,57.83,-1.65,0.54,1.48,15.22,2.6,4.48,1.53,-4.38,16.59,4.22,159560000.0,29282000000.0,29282000000.0,56.3,56.5,68.7,26.9,72.4,40.7,67.0,量比与换手适中
sh601975,601975,sh,招商南油,4.01,-0.74,1.94,1.01,12.87,1.58,6.37,11.08,11.39,-14.86,33.98,362800000.0,18768000000.0,18768000000.0,56.2,28.3,84.1,65.9,72.8,53.7,47.3,估值相对占优、量比与换手适中
sz002244,002244,sz,滨江集团,9.39,4.57,0.84,1.61,14.97,0.97,0.0,-1.47,-0.63,-6.12,-5.93,213440000.0,29216000000.000004,25893000000.0,56.2,26.3,87.5,41.2,72.7,70.4,66.7,估值相对占优、量比与换手适中
sh600276,600276,sh,恒瑞医药,47.0,1.1,0.78,1.09,40.37,4.84,-10.75,-13.54,-12.79,-2.89,-20.84,2333880000.0,311948000000.0,299813000000.0,56.1,26.3,29.9,96.8,65.5,80.0,98.6,成交活跃、市值稳定性较高
sz001258,001258,sz,立新能源,12.07,-1.79,5.55,1.22,75.53,3.65,0.42,-21.93,3.96,14.19,70.48,618170000.0,11265000000.0,11265000000.0,55.9,69.7,22.1,78.7,81.5,38.7,26.9,成交活跃、量比与换手适中
sz300398,300398,sz,飞凯材料,35.03,0.46,2.01,1.09,49.69,3.97,-0.57,-5.43,9.3,-1.2,56.84,398560000.0,19968000000.0,19860000000.0,55.9,54.7,29.0,68.5,75.1,70.9,50.2,量比与换手适中
sh600259,600259,sh,中稀有色,81.99,0.87,1.42,1.19,60.16,7.17,-4.41,-8.2,15.27,-2.23,46.12,389920000.0,27583999999.999996,27583999999.999996,55.9,59.3,14.6,67.6,72.8,76.7,65.1,量比与换手适中
sz002907,002907,sz,华森制药,16.15,2.6,9.99,3.3,90.99,3.88,0.0,17.8,28.07,30.45,9.34,556620000.0,6744000000.0,5476000000.0,55.8,95.2,16.0,77.2,12.4,98.6,7.4,中期趋势靠前、成交活跃
sh603296,603296,sh,华勤技术,76.68,2.24,1.65,1.79,22.5,3.62,-1.82,-2.96,-8.33,-13.01,19.88,1002650000.0,116232000000.0,61236000000.0,55.7,5.7,52.6,88.5,75.0,96.3,92.7,成交活跃、量比与换手适中、市值稳定性较高
sh600906,600906,sh,财达证券,6.61,2.64,1.6,3.7,18.84,1.68,3.44,0.61,4.09,-1.93,0.3,222670000.0,21449000000.0,14041000000.0,55.7,45.8,74.4,43.5,36.1,98.0,53.0,估值相对占优
sh600601,600601,sh,方正科技,11.62,0.61,1.53,1.0,56.87,9.46,-5.53,-10.34,21.17,-8.29,-0.85,736480000.0,49661000000.0,48459000000.0,55.6,48.5,13.7,83.3,69.3,73.0,81.0,成交活跃、市值稳定性较高
sz002430,002430,sz,杭氧股份,23.93,3.06,1.15,2.76,23.7,2.39,3.15,0.04,2.48,-1.44,-19.07,267410000.0,23412000000.0,23402000000.0,55.6,43.8,59.5,54.5,49.3,92.0,58.2,估值因子相对较强
sh688353,688353,sh,华盛锂电,91.0,2.85,2.16,1.24,48.46,3.98,-8.9,-4.61,-2.18,8.05,-19.96,311130000.0,14515000000.0,14515000000.0,55.5,51.0,29.9,60.2,79.7,95.0,37.1,量比与换手适中
sz002458,002458,sz,益生股份,8.92,0.79,1.72,1.03,27.35,2.88,-1.68,-11.61,6.04,8.87,40.89,147770000.0,12766000000.0,8620000000.0,55.5,67.6,51.8,22.9,71.5,75.6,31.7,量比与换手适中
sh600598,600598,sh,北大荒,13.09,-0.68,2.02,1.05,19.26,3.06,-5.56,8.63,7.3,-9.66,-9.1,472480000.0,23270000000.0,23270000000.0,55.4,32.8,60.6,73.7,74.3,54.6,57.9,成交活跃、量比与换手适中
sz300109,300109,sz,新开源,15.47,-2.09,3.02,0.79,58.66,2.67,16.14,13.75,24.36,8.17,11.24,245630000.0,8924000000.0,8058000000.0,55.4,81.8,34.0,49.3,76.3,34.4,17.4,中期趋势靠前、量比与换手适中
sh600388,600388,sh,紫金龙净,17.88,2.64,0.71,2.15,18.56,2.08,2.7,-1.22,0.51,0.62,12.23,161880000.0,22708000000.0,22708000000.0,55.4,43.2,70.0,27.2,59.5,98.0,56.1,估值相对占优
sz002120,002120,sz,韵达股份,6.7,1.36,0.84,2.36,11.84,0.92,1.06,-1.18,-1.9,0.43,2.43,157690000.0,19425000000.0,18861000000.0,55.4,37.7,92.5,26.0,55.8,83.7,49.5,估值相对占优
sh605198,605198,sh,安德利,65.78,2.67,0.81,1.1,87.06,8.12,5.72,-1.25,17.15,18.14,76.26,144010000.0,21983000000.0,17796000000.0,55.4,87.0,5.6,21.0,65.9,97.6,53.6,中期趋势靠前
sz002807,002807,sz,江阴银行,4.08,1.24,0.99,1.37,5.34,0.54,3.29,4.08,0.74,0.25,0.87,109280000.0,11047000000.0,11030000000.0,55.4,43.4,99.2,4.8,73.4,82.0,26.0,估值相对占优、量比与换手适中
sz002185,002185,sz,华天科技,16.73,-0.65,2.6,1.06,42.9,2.93,-3.63,-8.58,0.97,-8.62,52.81,1446050000.0,55657000000.00001,55644000000.00001,55.3,24.5,40.1,94.1,79.1,55.0,84.4,成交活跃、量比与换手适中、市值稳定性较高
sz000878,000878,sz,云南铜业,17.26,6.74,3.51,4.68,30.98,2.34,8.28,3.48,11.14,-9.16,-14.89,1195960000.0,41859000000.0,34582000000.0,55.2,39.1,52.2,90.9,51.2,39.4,78.1,成交活跃、市值稳定性较高
sz300192,300192,sz,科德教育,17.09,-3.34,3.26,1.04,71.46,7.89,20.78,16.73,56.65,46.24,13.23,256820000.0,7875000000.0,7783000000.0,55.2,99.4,10.4,52.0,83.8,16.6,13.1,中期趋势靠前、量比与换手适中
sh601216,601216,sh,君正集团,4.63,3.58,0.76,4.16,12.75,1.42,5.95,2.21,-2.32,-3.74,4.28,297080000.0,39068000000.0,39068000000.0,55.1,29.3,85.8,58.2,29.5,84.6,75.6,估值相对占优、市值稳定性较高
sz001696,001696,sz,宗申动力,15.07,0.4,1.68,0.95,28.25,3.24,-0.72,-12.84,3.65,4.65,-29.87,224210000.0,17256000000.0,13433000000.000002,55.1,56.6,48.0,43.9,69.4,70.0,44.6,趋势因子相对较强
sz002478,002478,sz,常宝股份,6.85,-1.01,3.79,2.59,17.06,1.04,5.38,8.56,9.95,-1.61,-17.18,187750000.0,6171000000.0,4952000000.0,55.0,54.6,84.0,34.9,73.8,49.9,5.0,估值相对占优、量比与换手适中
sh600409,600409,sh,三友化工,7.0,0.72,1.05,1.89,78.48,1.03,3.7,1.3,5.11,11.64,13.64,149880000.0,14450000000.0,14450000000.0,55.0,69.4,46.2,24.0,68.0,74.6,36.6,趋势因子相对较强
sh600499,600499,sh,科达制造,14.58,2.24,1.23,2.33,15.13,2.11,3.99,1.11,-12.43,-6.24,7.44,343700000.0,27962000000.0,27962000000.0,54.9,18.2,73.4,64.3,59.6,96.3,65.8,估值相对占优
sh603198,603198,sh,迎驾贡酒,38.13,-3.37,0.71,2.53,15.12,2.88,-3.47,-9.06,4.04,8.17,0.18,217090000.0,30504000000.000004,30504000000.000004,54.9,63.6,66.8,42.7,51.0,16.1,68.1,估值因子相对较强
sz002083,002083,sz,孚日股份,10.21,0.1,2.25,1.07,16.5,2.0,-6.59,-12.74,-14.06,8.59,-12.08,215420000.0,9665000000.0,9662000000.0,54.9,46.3,73.1,41.9,76.6,65.7,20.1,估值相对占优、量比与换手适中
sz301207,301207,sz,华兰疫苗,17.93,2.63,1.78,1.76,57.47,2.05,2.52,0.06,3.22,6.04,0.52,194720000.0,10776000000.0,10770000000.0,54.9,58.8,40.3,36.7,76.7,98.1,24.0,量比与换手适中
sh600155,600155,sh,华创云信,6.14,3.37,1.73,5.19,53.78,0.68,7.16,2.5,3.89,7.91,-7.25,233840000.0,13591000000.0,13591000000.0,54.8,62.8,57.0,46.2,37.2,87.6,33.3,趋势因子相对较强
sh600211,600211,sh,西藏药业,39.08,1.4,1.36,1.24,12.87,3.22,2.71,0.36,2.38,0.51,-6.25,172080000.0,12596000000.0,12596000000.0,54.8,47.1,67.7,30.6,73.4,84.3,31.0,量比与换手适中
sz000650,000650,sz,仁和药业,5.54,0.91,2.2,2.6,19.65,1.23,2.03,1.65,1.28,5.93,0.73,164410000.0,7756000000.0,7376000000.000001,54.8,55.3,78.9,28.3,61.1,77.3,12.4,估值相对占优
sh600120,600120,sh,浙江东方,4.97,3.11,0.77,2.25,12.08,1.01,4.41,-2.74,-3.31,2.64,-18.36,129570000.0,16974000000.0,16974000000.0,54.8,40.1,91.6,15.2,57.7,91.3,44.1,估值相对占优
sz002939,002939,sz,长城证券,8.14,1.88,0.52,2.85,13.87,1.02,2.52,-1.69,-1.45,-0.85,-19.25,151960000.0,32839999999.999996,29326000000.0,54.7,35.8,88.6,24.9,42.3,91.1,70.3,估值相对占优、市值稳定性较高
sz000523,000523,sz,红棉股份,3.28,0.92,5.65,1.31,52.39,3.07,2.18,10.44,15.9,1.23,-13.0,246280000.0,6020000000.0,4347000000.0,54.6,66.2,33.5,49.6,82.8,77.4,4.5,量比与换手适中
sz000750,000750,sz,国海证券,3.82,2.69,0.99,4.82,29.54,1.08,4.37,1.06,-0.26,3.8,-9.26,216690000.0,24395000000.0,22141000000.0,54.6,47.4,68.2,42.3,31.4,97.3,59.5,估值因子相对较强
sz000932,000932,sz,华菱钢铁,3.74,2.19,0.82,2.32,23.56,0.47,4.47,1.08,-4.59,-3.11,-31.5,207440000.0,25629000000.000004,25629000000.000004,54.6,29.0,79.2,39.1,56.6,95.6,61.6,估值相对占优
sh603529,603529,sh,爱玛科技,22.14,3.6,0.81,2.64,12.87,1.96,5.68,4.63,2.26,1.05,-24.06,150310000.0,19134000000.0,18836000000.0,54.6,48.4,78.9,24.4,49.3,84.3,48.4,估值相对占优
sz000672,000672,sz,上峰材料,14.22,2.89,1.08,1.57,7.86,1.38,3.95,0.35,7.73,-11.73,13.6,146610000.0,13785000000.0,13785000000.0,54.5,29.6,91.2,21.9,75.5,94.4,33.9,估值相对占优、量比与换手适中
sz000061,000061,sz,农 产 品,6.15,1.82,1.56,1.96,28.03,1.41,6.22,4.41,4.59,-2.07,-39.88,171440000.0,12208000000.0,11035000000.0,54.4,46.4,66.7,30.5,70.5,90.3,29.4,量比与换手适中
sh601121,601121,sh,宝地矿业,7.6,4.54,2.23,3.69,27.9,1.68,3.83,4.83,12.09,15.71,4.0,134220000.0,7480000000.0,6080000000.0,54.1,81.2,63.9,17.4,41.1,70.9,11.1,中期趋势靠前
sz002603,002603,sz,以岭药业,16.11,0.12,0.86,0.91,19.66,2.55,-2.42,-3.99,-3.65,5.5,-2.78,190930000.0,26914999999.999996,22176000000.0,54.0,45.7,63.8,35.3,62.1,66.0,63.8,估值因子相对较强
sh600369,600369,sh,西南证券,4.15,2.98,0.54,3.81,22.17,1.05,4.01,0.73,-0.24,5.49,-5.77,147560000.0,27577000000.0,27577000000.0,54.0,50.8,77.1,22.6,27.8,93.1,64.9,估值相对占优
sz002074,002074,sz,国轩高科,27.87,3.49,1.63,3.48,14.86,1.69,6.09,0.04,-1.48,-13.1,-28.56,781720000.0,50576000000.0,48401000000.0,53.9,10.1,79.4,84.8,36.8,85.9,81.9,估值相对占优、成交活跃、市值稳定性较高
sz000063,000063,sz,中兴通讯,33.6,0.54,0.57,0.8,48.51,2.13,-0.21,-5.59,-1.41,-6.39,-10.24,765490000.0,160727000000.0,135328000000.0,53.8,23.8,43.4,84.6,57.3,72.0,95.3,成交活跃、市值稳定性较高
sz300454,300454,sz,深信服,113.85,-2.63,2.31,1.1,57.69,4.44,-0.62,-6.3,10.3,-5.05,-1.04,762130000.0,49133000000.0,32789000000.0,53.8,47.4,22.8,84.4,77.7,26.7,80.8,成交活跃、量比与换手适中、市值稳定性较高
sh600366,600366,sh,宁波韵升,11.65,0.95,1.63,1.41,25.76,1.99,-0.43,-5.44,6.68,-5.22,-14.91,207250000.0,12804000000.0,12804000000.0,53.7,42.0,61.7,38.9,79.4,77.9,31.9,量比与换手适中
sz000963,000963,sz,华东医药,27.38,0.37,0.5,0.63,13.71,1.94,-3.93,-7.19,-6.39,-3.66,-29.56,238690000.0,48017000000.0,47997000000.0,53.6,26.3,77.9,47.7,52.9,69.6,80.5,估值相对占优、市值稳定性较高
sz000683,000683,sz,博源化工,6.29,1.94,1.46,1.96,22.62,1.9,6.43,4.66,-0.32,-9.63,-11.9,303810000.0,23379000000.0,21000000000.0,53.5,19.0,66.9,59.3,69.7,92.0,58.1,估值因子相对较强
sz300505,300505,sz,川金诺,19.27,0.73,4.72,1.19,13.23,1.81,-7.8,0.47,3.6,-5.17,-12.37,195830000.0,5297000000.0,4186999999.9999995,53.5,37.4,80.3,37.3,87.4,74.7,0.7,估值相对占优、量比与换手适中
sz002378,002378,sz,章源钨业,25.44,1.96,1.33,1.4,35.42,10.6,-0.16,-4.68,14.7,-13.32,80.94,401610000.0,30564000000.0,30424000000.0,53.4,35.0,24.8,68.8,76.8,92.3,68.5,量比与换手适中
sz300263,300263,sz,隆华科技,10.23,2.81,3.19,1.55,50.53,2.56,3.75,0.99,17.72,-13.67,16.5,315240000.0,10588000000.0,9980000000.0,53.3,35.9,38.3,60.8,92.5,95.6,23.3,量比与换手适中
sh601969,601969,sh,海南矿业,9.68,2.65,0.74,2.24,28.89,2.7,4.88,3.09,9.26,-0.1,-17.97,139330000.0,19210000000.0,19094000000.0,53.3,56.4,51.2,18.8,57.7,97.9,48.6,趋势因子相对较强
sz000021,000021,sz,深科技,36.4,-1.14,2.2,1.1,47.0,4.33,-2.78,-9.79,-9.34,-1.52,45.25,1270560000.0,57687000000.0,57679000000.0,53.2,29.5,28.6,91.8,76.9,48.0,85.3,成交活跃、量比与换手适中、市值稳定性较高
sz000830,000830,sz,鲁西化工,12.16,2.27,1.06,1.92,24.85,1.22,2.36,-2.49,-5.3,-6.61,-25.72,242620000.0,23157000000.0,23155000000.0,53.2,19.8,72.3,48.6,67.5,96.7,57.2,估值相对占优
sz002033,002033,sz,丽江股份,9.14,-0.11,3.47,2.79,19.95,2.01,3.98,4.58,6.53,4.7,3.86,175270000.0,5022000000.0,5022000000.0,53.2,61.2,69.0,31.7,66.8,62.7,0.2,估值因子相对较强
sz002953,002953,sz,日丰股份,10.88,-0.46,5.68,1.22,34.13,2.45,-7.25,10.46,13.45,4.72,-4.4,167480000.0,5348000000.0,2952000000.0,53.2,70.2,49.0,29.2,80.5,57.7,1.3,中期趋势靠前、量比与换手适中
sh603367,603367,sh,辰欣药业,14.52,-1.29,1.78,1.37,14.4,1.03,0.0,-5.71,2.76,5.52,-15.38,117630000.0,6573999999.999999,6573999999.999999,53.2,57.1,87.5,9.0,79.6,45.9,6.6,估值相对占优、量比与换手适中
sh605111,605111,sh,新洁能,58.83,0.27,2.07,0.95,62.35,5.43,-2.36,2.53,10.62,-4.84,65.54,507510000.0,24434000000.0,24434000000.0,53.1,48.5,17.9,75.3,72.5,68.1,59.7,成交活跃、量比与换手适中
sz300996,300996,sz,普联软件,14.01,-0.28,4.49,1.23,59.11,4.28,-4.69,-29.17,8.35,14.18,19.27,208340000.0,5545000000.0,4667000000.0,53.1,76.1,22.7,39.2,90.1,60.3,2.5,中期趋势靠前、量比与换手适中
sh600968,600968,sh,海油发展,3.89,-2.99,0.63,3.72,10.08,1.33,-4.19,0.52,0.52,0.96,5.33,246420000.0,39542000000.0,39542000000.0,53.0,44.5,90.4,50.0,28.5,21.6,75.8,估值相对占优、市值稳定性较高
sz300145,300145,sz,南方泵业,4.41,0.92,2.69,2.08,33.27,2.84,9.98,-0.68,6.27,0.46,-5.57,228270000.0,8468000000.000001,8427000000.0,52.9,53.2,46.8,45.2,76.7,77.4,15.8,量比与换手适中
sh603019,603019,sh,中科曙光,83.65,0.55,0.76,0.95,50.59,5.31,-1.59,-3.21,-3.45,-2.76,-1.81,931210000.0,122390000000.00002,122383999999.99998,52.8,30.9,23.0,87.1,62.2,72.1,93.0,成交活跃、市值稳定性较高
sz002340,002340,sz,格林美,6.69,2.76,1.69,3.45,21.45,1.6,3.88,-0.89,0.0,-12.95,-19.06,567450000.0,34135000000.000004,33958000000.0,52.8,14.6,71.4,77.6,38.0,96.3,71.5,估值相对占优、成交活跃、市值稳定性较高
sz301035,301035,sz,润丰股份,56.45,3.09,0.51,2.17,20.77,2.68,6.79,7.61,1.53,6.85,9.68,104900000.0,20576000000.0,20534000000.0,52.7,57.1,61.2,2.5,57.5,91.6,51.4,估值因子相对较强
sz002252,002252,sz,上海莱士,4.96,1.22,0.55,1.63,27.06,1.01,1.43,-0.2,-3.69,-4.93,-21.17,181400000.0,32700000000.0,32677999999.999996,52.6,25.1,72.2,33.0,70.0,81.7,70.1,估值相对占优、量比与换手适中、市值稳定性较高
sz000949,000949,sz,新乡化纤,7.05,0.14,0.99,0.78,40.79,1.72,11.2,8.8,18.09,5.22,28.65,114290000.0,11681000000.0,11678000000.0,52.5,74.5,52.6,7.7,60.2,66.3,27.8,中期趋势靠前
sz300373,300373,sz,扬杰科技,92.38,-0.93,1.69,0.92,35.15,5.01,-8.98,-4.41,5.46,-8.99,36.86,840890000.0,50194000000.0,50083000000.0,52.4,31.5,32.8,85.3,68.8,51.0,81.4,成交活跃、市值稳定性较高
sz002119,002119,sz,康强电子,22.76,0.04,5.69,1.93,71.0,5.94,-4.61,-6.03,8.69,3.78,38.53,488670000.0,8541000000.0,8541000000.0,52.4,62.6,13.8,74.6,77.0,64.9,15.9,成交活跃、量比与换手适中
sz002284,002284,sz,亚太股份,9.86,3.35,3.21,1.51,13.07,2.05,1.23,3.57,3.68,-13.28,-33.51,229870000.0,7288000000.0,7219000000.0,52.4,20.9,77.3,45.7,93.6,87.9,10.4,估值相对占优、量比与换手适中
sz300487,300487,sz,蓝晓科技,63.29,1.05,0.68,0.65,36.91,7.04,-2.15,-5.96,6.64,11.65,2.78,132470000.0,32224000000.0,19495000000.0,52.4,71.6,26.7,16.3,54.8,79.3,69.5,中期趋势靠前
sh688019,688019,sh,安集科技,230.67,-1.25,1.27,1.1,64.04,11.6,-7.23,-7.86,-9.47,9.57,37.92,669370000.0,52675000000.0,52675000000.0,52.3,48.6,10.6,81.0,69.6,46.4,83.5,成交活跃、市值稳定性较高
sh600038,600038,sh,中直股份,27.73,1.95,0.7,2.05,46.61,1.31,7.44,3.28,3.74,0.83,-22.74,128590000.0,22736000000.0,18550000000.0,52.3,49.9,55.0,14.5,61.7,92.1,56.3,估值因子相对较强
sh688018,688018,sh,乐鑫科技,110.93,1.77,0.75,1.26,45.55,5.53,0.09,-2.78,14.03,-4.26,-8.38,193690000.0,26000000000.0,26000000000.0,52.2,53.8,25.1,36.6,69.1,89.6,62.2,趋势因子相对较强
sz300181,300181,sz,佐力药业,14.22,0.99,1.88,1.24,15.34,3.13,-1.39,-2.2,-0.07,2.16,-10.08,161900000.0,9974000000.0,8573000000.0,52.1,44.7,64.7,27.4,77.5,78.4,21.7,量比与换手适中
sh688315,688315,sh,诺禾致源,15.72,-2.18,1.97,1.0,43.23,2.44,5.72,-1.81,26.98,11.92,18.77,131550000.0,6543000000.000001,6543000000.000001,52.1,87.2,43.8,15.6,72.8,33.1,6.5,中期趋势靠前、量比与换手适中
sh601375,601375,sh,中原证券,4.15,2.72,1.28,4.32,31.34,1.31,4.27,0.78,0.53,3.29,-2.99,181520000.0,19268000000.0,14307000000.0,51.9,48.1,64.7,33.2,33.6,96.9,48.9,估值因子相对较强
sh600637,600637,sh,东方明珠,8.37,0.24,0.9,1.91,40.46,0.95,6.22,0.84,4.76,-10.1,-13.89,252760000.0,28139000000.0,28139000000.0,51.8,27.8,62.0,51.4,66.4,67.7,65.9,估值因子相对较强
sz002734,002734,sz,利民股份,15.09,1.21,2.07,1.65,14.81,1.78,2.86,-4.43,13.37,-9.59,-2.61,136860000.0,7180000000.0,6577000000.0,51.8,40.4,78.3,17.9,81.5,81.6,9.5,估值相对占优、量比与换手适中
sz000568,000568,sz,泸州老窖,83.38,-1.59,0.71,3.2,16.35,2.68,-1.33,-8.46,-5.5,-5.79,-27.41,857990000.0,122727000000.0,122657000000.0,51.6,21.5,66.7,86.2,35.9,41.6,93.2,成交活跃、市值稳定性较高
sz000833,000833,sz,粤桂股份,20.93,0.24,2.57,1.03,18.48,3.76,-1.46,2.55,7.89,-9.94,8.56,243530000.0,16788000000.0,9496000000.0,51.5,32.8,57.5,49.1,78.2,67.7,43.2,量比与换手适中
sz002292,002292,sz,奥飞娱乐,8.17,1.11,2.21,1.66,57.79,3.99,3.81,-2.62,1.11,10.11,-7.68,183240000.0,12081000000.0,8316000000.0,51.5,60.7,25.3,33.3,82.3,80.1,29.0,量比与换手适中
sh600535,600535,sh,天士力,14.84,0.61,0.55,1.28,18.13,1.7,-2.62,-3.07,-6.96,3.49,-0.87,121880000.0,22170000000.0,22170000000.0,51.4,39.5,75.2,10.9,67.9,73.0,54.3,估值相对占优
sh603883,603883,sh,老百姓,13.02,-1.51,1.16,1.41,25.01,1.5,-0.53,-4.41,3.75,7.87,-10.39,114840000.0,9881000000.0,9881000000.0,51.4,62.4,69.0,7.9,75.7,42.7,21.0,量比与换手适中
sz000676,000676,sz,智度股份,6.72,-0.15,2.64,1.6,59.09,1.98,5.33,-9.43,-6.28,13.32,-22.13,221780000.0,8466000000.0,8461000000.0,51.3,53.0,40.4,43.4,87.1,62.1,15.6,量比与换手适中
sh688419,688419,sh,耐科装备,54.69,-2.06,2.58,1.29,71.26,6.01,15.02,10.4,51.29,14.91,98.21,163200000.0,6265000000.0,6265000000.0,51.1,91.8,13.5,28.0,84.1,34.9,5.4,中期趋势靠前、量比与换手适中
sh600449,600449,sh,宁夏建材,12.91,2.95,2.45,1.55,45.98,0.84,11.87,2.06,8.12,-6.31,5.82,150900000.0,6173000000.0,6173000000.0,51.1,41.6,60.4,24.6,86.7,93.6,5.2,量比与换手适中
sz000739,000739,sz,普洛药业,20.55,-1.53,0.66,0.58,28.01,3.62,-6.97,-8.01,-0.53,24.92,28.13,159040000.0,23806000000.0,23796000000.0,51.0,65.1,46.8,26.7,53.1,42.4,58.8,趋势因子相对较强
sh600521,600521,sh,华海药业,16.37,-0.37,1.01,0.89,65.68,2.59,-4.55,-9.21,0.61,4.86,-2.96,248690000.0,24510000000.0,24510000000.0,50.9,51.3,32.8,50.7,62.8,59.0,59.9,趋势因子相对较强
sz002345,002345,sz,潮宏基,9.72,1.78,1.49,1.19,15.11,2.33,1.67,-12.83,-8.82,5.88,-20.0,123710000.0,8636000000.0,8429000000.000001,50.8,43.4,71.3,12.4,73.3,89.7,16.5,估值相对占优、量比与换手适中
sz002245,002245,sz,蔚蓝锂芯,17.73,0.45,1.39,0.91,34.13,3.81,-3.01,-4.06,10.47,-13.81,48.24,393250000.0,30320999999.999996,28529000000.000004,50.6,29.1,39.4,68.1,66.2,70.7,67.6,流动性因子相对较强
sh688332,688332,sh,中科蓝讯,87.64,-0.24,1.01,0.87,8.87,2.75,-0.76,-4.21,8.29,-7.18,0.31,157850000.0,15641999999.999998,15641999999.999998,50.6,40.4,75.9,26.2,62.3,60.9,39.1,估值相对占优
sh600867,600867,sh,通化东宝,8.13,0.37,0.93,1.31,12.25,2.33,-1.33,-3.1,-3.56,-0.85,3.3,149740000.0,15922999999.999998,15922999999.999998,50.6,33.9,75.7,23.7,71.6,69.6,40.7,估值相对占优、量比与换手适中
sz002555,002555,sz,三七互娱,18.28,-2.19,1.77,2.86,12.38,2.87,-1.51,-7.07,-4.69,-6.59,-20.5,523820000.0,40440000000.0,29864999999.999996,50.5,20.4,71.2,76.0,51.9,33.0,77.1,估值相对占优、成交活跃、市值稳定性较高
sz002797,002797,sz,第一创业,6.49,1.88,1.04,3.6,26.13,1.58,3.18,-1.22,-0.61,-5.37,-4.53,282130000.0,27274000000.0,27274000000.0,50.5,28.1,66.8,56.3,31.7,91.1,64.2,估值因子相对较强
sz301529,301529,sz,福赛科技,114.3,-2.32,3.19,1.0,99.87,9.67,29.87,15.44,50.39,5.75,41.19,234240000.0,13536000000.000002,7266000000.0,50.5,81.2,2.0,46.4,82.4,31.1,33.0,中期趋势靠前、量比与换手适中
sh605090,605090,sh,九丰能源,34.91,-0.63,0.52,0.59,15.72,2.01,-1.13,2.74,8.48,-4.07,-18.53,126980000.0,24667000000.0,24642000000.0,50.5,47.7,73.8,13.8,52.2,55.3,60.6,估值相对占优
sh600062,600062,sh,华润双鹤,16.21,1.25,0.68,1.97,10.44,1.37,2.21,-1.1,-4.03,-2.24,-9.5,114050000.0,16835000000.0,16830000000.000002,50.4,31.2,89.6,7.2,63.3,82.1,43.4,估值相对占优
sh600884,600884,sh,杉杉股份,12.25,1.74,1.52,1.83,36.4,1.22,4.88,0.66,-6.27,-13.0,-9.33,339210000.0,27508999999.999996,22480000000.0,50.2,6.7,61.4,63.6,73.1,89.1,64.7,量比与换手适中
sz300711,300711,sz,广哈通信,19.65,5.08,4.35,2.84,66.33,3.67,17.81,5.48,32.68,3.37,-14.64,208530000.0,5511000000.0,4882000000.0,50.2,75.4,25.1,39.4,67.1,63.1,2.2,中期趋势靠前
sh600059,600059,sh,古越龙山,8.42,3.44,2.18,3.51,34.06,1.32,4.86,4.86,5.65,3.44,-8.18,167580000.0,7675000000.0,7675000000.0,50.2,57.7,62.4,29.6,40.7,86.6,11.8,估值因子相对较强
sh605599,605599,sh,菜百股份,16.11,-2.42,1.12,1.79,11.28,2.83,2.55,-1.41,1.13,5.29,3.34,140060000.0,12530000000.0,12530000000.0,50.2,53.4,73.0,19.2,70.8,29.7,30.6,估值相对占优、量比与换手适中
sh688779,688779,sh,五矿新能,8.21,2.11,0.7,1.07,25.04,2.16,0.86,2.88,9.18,-4.52,10.22,109850000.0,15838999999.999998,15838999999.999998,50.2,47.4,60.4,5.6,64.4,94.4,40.0,估值因子相对较强
sh688449,688449,sh,联芸科技,63.89,-4.14,2.44,1.74,48.53,12.08,-5.15,2.31,22.96,-6.18,41.57,467430000.0,29389000000.0,18733000000.0,50.0,53.8,16.3,73.1,82.3,5.1,67.2,成交活跃、量比与换手适中
sz300409,300409,sz,道氏技术,18.68,2.13,1.4,1.5,25.79,1.81,1.41,-0.9,7.11,-14.52,-16.02,180790000.0,14612000000.0,13005000000.000002,50.0,23.9,64.0,32.6,79.6,94.7,37.6,量比与换手适中
sh600754,600754,sh,锦江酒店,19.19,1.8,0.78,1.93,19.9,1.31,1.97,-1.49,-0.21,-6.39,-22.5,133610000.0,20420000000.0,17387000000.0,50.0,26.9,78.0,16.8,65.0,90.0,50.7,估值相对占优
sz002880,002880,sz,卫光生物,23.4,3.77,4.4,7.64,28.99,2.2,17.59,12.18,18.9,-6.36,-7.51,240350000.0,5307000000.0,5307000000.0,49.9,51.6,55.6,48.0,51.9,81.9,0.9,估值因子相对较强
sh600161,600161,sh,天坛生物,12.49,1.38,0.65,1.61,25.39,2.1,1.79,-1.19,-0.56,-5.38,-23.33,162440000.0,24697000000.0,24697000000.0,49.9,28.2,60.8,27.8,71.2,84.0,60.8,量比与换手适中
sh601717,601717,sh,中创智领,15.35,1.72,0.53,1.14,6.69,1.2,1.39,-2.29,-3.52,-9.76,-34.12,124670000.0,27406000000.0,23672000000.0,49.9,14.0,93.6,13.1,64.6,88.9,64.5,估值相对占优
sz300037,300037,sz,新宙邦,62.1,2.48,1.02,0.96,29.31,4.18,-3.2,-6.69,0.62,-13.45,19.65,340230000.0,46816000000.0,33955000000.0,49.8,14.5,40.9,64.0,64.4,99.7,80.1,市值稳定性较高
sz002824,002824,sz,和胜股份,24.47,-3.17,5.91,2.15,38.14,3.24,3.86,3.69,18.04,-1.05,27.25,330400000.0,7614000000.0,5535000000.0,49.8,62.8,40.1,62.4,70.4,19.0,11.3,量比与换手适中
sh601155,601155,sh,新城控股,11.68,5.13,0.82,1.97,38.33,0.43,5.42,-4.03,1.57,-8.1,-16.27,212090000.0,26345999999.999996,26345999999.999996,49.8,27.4,66.2,40.9,64.4,62.4,62.9,估值因子相对较强
sz002414,002414,sz,高德红外,12.94,-2.04,1.92,2.7,29.77,6.58,-1.45,-7.51,-6.97,-0.08,-11.79,841150000.0,55263000000.0,43978000000.0,49.7,32.8,33.1,85.5,56.7,35.1,83.9,成交活跃、市值稳定性较高
sh688305,688305,sh,科德数控,61.88,0.59,3.45,2.79,91.09,4.36,-3.13,-6.5,14.64,2.04,0.47,286400000.0,8203000000.0,8181000000.0,49.7,66.1,13.1,56.8,66.7,72.7,14.9,趋势因子相对较强
sh603379,603379,sh,三美股份,58.44,-1.81,0.72,2.04,16.7,4.21,-5.02,-9.24,-1.22,-2.36,-1.81,257240000.0,35676000000.0,35676000000.0,49.7,34.2,56.0,52.2,62.1,38.4,72.8,市值稳定性较高
sz002007,002007,sz,华兰生物,13.27,1.07,0.65,1.18,28.25,2.25,1.76,0.15,0.08,-0.75,-9.3,136430000.0,24227000000.0,20881000000.0,49.7,39.9,56.3,17.7,66.5,79.6,59.1,估值因子相对较强
sh688508,688508,sh,芯朋微,84.58,-1.01,2.43,1.04,44.2,3.87,2.98,1.54,34.85,-8.41,39.92,273120000.0,11200000000.0,11200000000.0,49.6,51.7,32.7,55.2,77.3,49.9,26.5,量比与换手适中
sh688213,688213,sh,思特威-W,99.02,-0.18,0.64,0.84,35.17,7.38,4.69,0.54,3.34,2.78,5.1,205920000.0,39836000000.0,32033999999.999996,49.6,52.4,27.5,38.7,58.8,61.7,76.2,市值稳定性较高
sz002913,002913,sz,奥士康,56.95,0.19,0.79,0.98,84.82,4.17,-0.9,-0.09,39.65,3.26,34.18,137940000.0,18074000000.0,17395000000.0,49.6,75.7,16.4,18.3,63.1,67.0,46.6,中期趋势靠前
sz300475,300475,sz,香农芯创,152.0,-1.11,1.97,1.02,38.47,14.58,-1.55,-7.2,4.47,-13.17,5.37,1344000000.0,71370000000.0,68404999999.99999,49.5,22.5,21.4,92.5,73.2,48.4,87.8,成交活跃、量比与换手适中、市值稳定性较高
sh600191,600191,sh,华资实业,11.58,-0.43,2.79,2.63,81.72,3.29,8.33,9.97,21.89,10.41,-9.73,158540000.0,5616000000.0,5616000000.0,49.5,84.2,22.3,26.5,65.1,58.1,2.7,中期趋势靠前
sz000823,000823,sz,超声电子,14.78,-0.54,2.6,1.03,39.77,1.58,2.64,-1.6,12.65,-8.88,10.63,227530000.0,8793000000.0,8793000000.0,49.3,41.1,55.5,45.0,78.4,56.6,16.7,量比与换手适中
sh688758,688758,sh,赛分科技,26.16,-0.72,1.89,1.16,78.77,8.03,-2.82,-6.6,7.79,43.66,48.13,149900000.0,10895000000.0,7800000000.0,49.3,82.8,8.2,24.2,75.8,54.0,24.6,中期趋势靠前、量比与换手适中
sz002987,002987,sz,京北方,11.65,0.6,1.64,1.97,39.44,4.19,11.48,3.37,6.78,0.26,-34.43,191540000.0,12121000000.0,11812000000.0,49.1,53.9,33.6,35.7,70.9,72.9,29.2,量比与换手适中
sz001359,001359,sz,平安电工,85.0,-2.09,2.9,0.93,88.7,9.93,-4.39,-4.15,9.76,21.11,56.51,149830000.0,20498000000.0,5125000000.0,49.1,81.4,3.7,23.8,78.5,34.4,51.1,中期趋势靠前、量比与换手适中
sz001210,001210,sz,金房能源,26.99,0.37,3.06,0.84,43.7,4.16,-0.22,22.91,53.53,3.21,123.85,110220000.0,5925000000.0,3601000000.0,49.1,76.2,31.8,5.9,77.8,69.6,3.8,中期趋势靠前、量比与换手适中
sh603619,603619,sh,中曼石油,22.54,-1.87,4.3,1.37,33.46,2.42,1.53,-0.44,5.72,-11.92,-1.62,442310000.0,10421000000.0,10421000000.0,49.0,26.6,49.7,72.4,94.7,37.6,22.8,成交活跃、量比与换手适中
sz002026,002026,sz,山东威达,11.65,5.91,4.21,6.62,23.99,1.32,13.77,9.49,18.88,-6.73,-22.49,210780000.0,5132000000.0,5132000000.0,48.8,50.8,71.6,40.5,53.4,51.3,0.4,估值相对占优
sh688279,688279,sh,峰岹科技,193.99,6.22,1.64,1.47,86.96,4.37,16.4,14.54,23.16,-7.96,-4.3,292730000.0,22331000000.0,18149000000.0,48.7,49.9,14.2,57.3,80.8,46.9,54.8,量比与换手适中
sh600486,600486,sh,扬农化工,54.56,1.0,0.59,1.4,17.36,1.84,-1.59,0.98,-2.78,-5.01,-20.55,129220000.0,22048000000.0,22048000000.0,48.7,25.8,74.4,14.9,71.0,78.6,53.9,估值相对占优、量比与换手适中
sz002152,002152,sz,广电运通,9.87,1.33,0.53,1.54,28.96,2.01,6.13,-3.42,0.0,-4.27,-26.56,128910000.0,24511000000.0,24499000000.0,48.7,32.7,57.9,14.7,71.8,83.3,60.0,量比与换手适中
sz000758,000758,sz,中色股份,6.31,3.44,1.69,3.13,25.74,2.05,7.13,2.44,7.31,-7.14,-4.18,209690000.0,12555000000.0,12511000000.0,48.6,39.4,61.0,40.1,45.2,86.6,30.8,估值因子相对较强
sz001339,001339,sz,智微智能,75.31,-3.06,2.51,1.6,53.81,9.09,-4.63,-8.78,9.72,-3.13,91.67,307670000.0,24629000000.0,12193000000.0,48.5,51.5,15.2,59.9,86.0,20.6,60.2,量比与换手适中
sz300400,300400,sz,劲拓股份,28.65,0.42,2.96,1.79,79.15,9.4,1.31,-4.34,34.89,-0.17,47.76,203420000.0,6970999999.999999,6948000000.0,48.5,69.1,6.8,38.4,85.3,70.3,8.4,量比与换手适中
sz002906,002906,sz,华阳集团,26.65,-2.77,2.94,3.39,16.62,1.96,3.86,0.76,6.69,-9.57,-11.4,417030000.0,13988999999.999998,13983000000.000002,48.3,32.2,73.5,70.8,49.1,24.7,34.4,估值相对占优、成交活跃
sz002472,002472,sz,双环传动,35.69,-0.03,1.14,1.2,23.87,2.92,-1.68,-7.87,-1.41,-10.1,-24.27,305340000.0,30336000000.0,27016000000.000004,48.3,15.1,55.0,59.7,70.8,63.9,67.7,量比与换手适中
sz301603,301603,sz,乔锋智能,119.54,-0.97,4.95,1.85,32.4,5.43,2.29,-5.13,17.48,-8.96,58.54,222720000.0,14436000000.000002,4511000000.0,48.2,44.9,34.0,43.7,84.7,50.4,36.4,量比与换手适中
sz002125,002125,sz,湘潭电化,13.06,1.48,2.44,1.43,25.34,2.37,4.06,2.19,6.87,-13.08,-7.01,199010000.0,8222000000.0,8222000000.0,48.2,26.6,58.0,37.8,86.2,85.4,15.1,量比与换手适中
sz000950,000950,sz,重药控股,5.51,-1.25,1.58,1.23,26.3,0.81,-2.65,-2.65,1.47,-2.82,-4.36,149160000.0,9437000000.0,9437000000.0,48.2,39.4,75.0,23.5,74.9,46.4,19.2,估值相对占优、量比与换手适中
sh603039,603039,sh,泛微网络,39.76,-0.85,1.75,0.74,36.22,4.56,-8.91,-13.11,28.55,-5.51,-10.76,215590000.0,12232000000.0,12232000000.0,48.1,57.0,33.5,42.1,65.2,52.1,29.6,趋势因子相对较强
sz301029,301029,sz,怡合达,26.16,1.16,1.36,1.61,30.32,3.79,5.36,-4.8,6.78,-6.77,0.52,161000000.0,16632000000.0,11847000000.0,48.1,38.9,42.5,27.1,76.8,80.9,42.7,量比与换手适中
sh600380,600380,sh,健康元,9.32,0.87,0.75,1.35,14.23,1.12,-7.17,-9.69,-8.63,-5.86,-17.74,128420000.0,17051000000.0,17051000000.0,48.1,19.8,86.3,14.3,71.1,76.7,44.4,估值相对占优、量比与换手适中
sz300618,300618,sz,寒锐钴业,35.58,2.6,1.92,1.98,48.78,1.98,4.19,-4.84,5.64,-7.75,-21.0,184460000.0,11019000000.0,9695000000.0,48.0,35.1,44.9,34.4,72.9,98.6,25.6,量比与换手适中
sz301500,301500,sz,飞南资源,23.62,6.01,7.99,2.32,17.06,2.45,3.1,-2.03,12.48,-12.21,51.07,267150000.0,13253000000.0,3402000000.0000005,47.9,35.1,67.6,54.1,50.2,49.9,32.3,估值因子相对较强
sz302132,302132,sz,中航成飞,57.7,2.89,0.6,1.59,47.76,7.38,1.19,-0.33,-1.25,-4.62,-26.6,201180000.0,154180000000.0,33816000000.000004,47.9,28.5,19.9,38.2,71.3,94.4,95.0,量比与换手适中、市值稳定性较高
sh600570,600570,sh,恒生电子,21.75,1.87,0.89,2.42,33.45,4.24,3.62,-4.61,-0.55,-10.05,-27.38,364810000.0,41187000000.0,41187000000.0,47.7,17.5,37.1,66.1,54.9,91.0,77.8,市值稳定性较高
sz002637,002637,sz,赞宇科技,11.34,1.61,2.28,0.89,23.76,1.44,-0.87,5.59,16.19,-10.18,11.89,119470000.0,5334000000.0,5271000000.0,47.7,41.1,70.7,10.0,72.8,87.3,1.1,估值相对占优、量比与换手适中
sz300236,300236,sz,上海新阳,87.26,0.65,1.4,0.83,71.85,4.0,-7.02,-6.67,0.67,-4.03,37.89,339220000.0,27345999999.999996,24319000000.0,47.6,34.9,20.5,63.8,64.5,73.6,64.3,流动性因子相对较强
sz300896,300896,sz,爱美客,94.63,1.37,1.01,1.48,26.15,3.62,0.35,-8.98,-9.32,-6.59,-32.85,211530000.0,28633999999.999996,20914000000.0,47.6,18.2,48.3,40.7,76.1,83.9,66.3,量比与换手适中
sz300990,300990,sz,同飞股份,82.49,-0.81,10.49,2.75,56.32,6.69,21.92,11.65,9.93,5.08,-7.99,685330000.0,14124000000.0,6415000000.000001,47.5,66.5,17.1,81.5,20.9,52.7,35.1,成交活跃
sh603501,603501,sh,豪威集团,84.55,-1.17,0.54,0.95,32.85,3.27,-2.7,-7.62,-7.79,-8.64,-32.79,549410000.0,106339000000.00002,102049000000.0,47.5,13.9,43.7,76.9,60.4,47.6,91.9,成交活跃、市值稳定性较高
sz300458,300458,sz,全志科技,30.93,0.75,2.54,1.35,51.99,8.82,-1.87,-11.88,-22.17,-6.92,-11.27,642700000.0,30733000000.0,25182000000.0,47.4,16.4,16.4,80.3,85.2,75.0,68.6,成交活跃、量比与换手适中
sz300679,300679,sz,电连技术,49.56,-3.39,5.55,1.6,90.4,4.18,1.18,14.7,32.16,-14.86,2.3,984480000.0,21054000000.0,17815000000.0,47.3,38.4,14.5,88.0,85.6,15.9,52.7,成交活跃、量比与换手适中
sz002353,002353,sz,杰瑞股份,139.24,-1.51,0.76,0.82,54.1,6.12,-7.48,-1.11,-0.33,-5.53,98.54,733060000.0,142562000000.0,96225000000.0,47.3,28.2,18.9,83.0,59.2,42.7,94.1,成交活跃、市值稳定性较高
sh600621,600621,sh,华鑫股份,13.19,2.89,0.85,3.94,21.41,1.52,4.19,-1.79,1.0,1.39,-12.64,118090000.0,13993000000.0,13993000000.0,47.3,46.2,72.7,9.5,30.3,94.4,34.6,估值相对占优
sz000155,000155,sz,川能动力,12.23,1.75,0.96,1.38,25.02,2.02,4.35,-0.33,-3.17,-12.77,4.98,215090000.0,22579000000.0,22579000000.0,47.1,9.6,62.1,41.8,73.4,89.3,55.7,量比与换手适中
sz301333,301333,sz,诺思格,54.72,-3.66,1.97,1.5,39.54,2.67,-6.68,-14.45,13.2,12.24,-7.86,106630000.0,5285000000.0,5278000000.0,47.1,80.1,43.6,3.4,84.0,12.0,0.5,中期趋势靠前、量比与换手适中
sz300558,300558,sz,贝达药业,48.64,-1.1,1.72,0.65,44.04,3.06,-4.94,-28.05,-16.17,0.95,4.51,355710000.0,20591000000.0,20535000000.0,47.0,33.4,38.4,65.6,63.0,48.6,51.8,流动性因子相对较强
sz300740,300740,sz,水羊股份,21.98,0.5,3.54,1.17,68.49,4.43,10.84,-4.14,13.42,-10.51,-7.42,318360000.0,9669000000.0,8989000000.0,47.0,38.3,19.4,61.1,89.0,71.4,20.3,量比与换手适中
sz001301,001301,sz,尚太科技,63.58,0.92,0.7,0.41,26.76,3.22,2.01,16.92,15.29,-6.29,4.58,115470000.0,23182000000.0,16536000000.000002,47.0,49.7,49.9,8.2,49.5,77.4,57.5,估值因子相对较强
sz301099,301099,sz,雅创电子,50.41,-1.29,5.15,1.92,29.0,6.04,3.45,-1.06,12.6,-8.78,53.61,299460000.0,9524000000.0,5796000000.0,46.9,41.2,34.7,58.8,81.5,45.9,19.5,量比与换手适中
sh600685,600685,sh,中船防务,26.14,0.93,0.58,1.75,28.02,1.95,4.1,-1.95,-1.13,-5.72,-7.68,123270000.0,36949000000.0,21472000000.0,46.9,26.1,60.3,12.0,67.5,77.6,73.5,市值稳定性较高
sh688111,688111,sh,金山办公,235.2,0.19,0.52,0.91,30.26,7.24,-4.83,-9.71,-4.23,-9.89,-23.09,573620000.0,109135999999.99998,109135999999.99998,46.7,13.1,31.4,77.8,59.4,67.0,92.1,成交活跃、市值稳定性较高
sh688318,688318,sh,财富趋势,77.22,4.38,1.78,3.93,91.25,7.34,1.21,-2.77,14.1,-5.6,-18.06,487390000.0,27689000000.0,27689000000.0,46.7,49.9,5.1,74.4,37.6,73.1,65.6,成交活跃
sh688380,688380,sh,中微半导,40.74,-1.59,1.55,1.21,44.16,5.05,-5.43,0.87,10.71,-5.39,27.91,252090000.0,16311000000.000002,16311000000.000002,46.7,47.0,27.0,51.3,74.2,41.6,42.5,量比与换手适中
sh688239,688239,sh,航宇科技,49.62,-1.9,3.49,1.45,44.52,4.23,14.23,7.87,19.31,-13.31,-26.51,328080000.0,9473000000.0,9473000000.0,46.6,37.8,30.1,62.2,94.9,37.1,19.4,量比与换手适中
sz002979,002979,sz,雷赛智能,55.68,0.51,1.97,0.91,72.81,9.73,-0.3,-6.87,-3.42,9.02,33.14,242730000.0,17597000000.0,12405000000.0,46.6,51.3,8.1,48.7,70.8,71.6,45.2,量比与换手适中
sz002635,002635,sz,安洁科技,15.38,-1.66,3.68,1.89,47.55,1.73,2.4,-2.16,12.26,-11.71,12.18,224490000.0,10146000000.0,6083000000.0,46.6,35.3,49.0,44.3,88.7,40.6,22.4,量比与换手适中
sh603889,603889,sh,新澳股份,5.96,4.2,2.27,5.61,10.58,1.51,6.24,4.38,1.88,-1.0,1.95,125050000.0,5657000000.0,5615000000.0,46.6,43.1,88.0,13.3,41.4,75.7,2.9,估值相对占优
sz300957,300957,sz,贝泰妮,33.39,0.57,1.74,2.19,25.68,2.3,8.27,-1.5,0.51,-9.51,-14.31,247380000.0,14144000000.0,14144000000.0,46.5,21.7,58.5,50.2,66.7,72.4,35.3,估值因子相对较强
sz300497,300497,sz,富祥股份,16.84,0.6,2.18,1.08,70.41,3.88,-3.88,-7.83,-0.47,9.92,11.82,167490000.0,9071000000.0,7683000000.0,46.4,56.6,22.2,29.4,76.2,72.9,17.9,量比与换手适中
sh688110,688110,sh,东芯股份,112.71,-1.11,1.99,1.12,86.65,12.0,-1.57,-1.73,4.84,-10.9,-14.19,996640000.0,49860000000.0,49860000000.0,46.3,26.8,3.6,88.4,75.7,48.4,81.2,成交活跃、量比与换手适中、市值稳定性较高
sh603486,603486,sh,科沃斯,54.31,-3.38,0.94,1.74,15.5,3.3,-10.53,-5.94,-10.48,-5.51,-31.91,293310000.0,31424000000.0,31139000000.0,46.3,19.9,63.0,57.5,70.6,16.0,69.2,量比与换手适中
sh603082,603082,sh,北自科技,41.79,-3.71,7.79,1.65,47.62,3.98,5.26,1.24,13.59,21.84,15.09,133140000.0,6961000000.0,1695000000.0,46.3,85.9,30.3,16.7,66.8,11.3,8.2,中期趋势靠前
sz002170,002170,sz,芭田股份,11.33,1.61,1.38,1.82,10.84,3.14,0.62,-1.22,-2.75,-4.39,-2.41,121960000.0,10995000000.0,8938000000.0,46.3,27.6,71.2,11.1,72.2,87.3,25.4,估值相对占优、量比与换手适中
sh600761,600761,sh,安徽合力,16.35,0.99,0.7,1.43,13.5,1.32,-1.09,-3.71,-10.16,-4.94,-19.81,101120000.0,14563000000.0,14563000000.0,46.3,21.6,86.0,0.9,72.5,78.4,37.5,估值相对占优、量比与换手适中
sz002988,002988,sz,豪美新材,24.35,2.79,3.22,2.27,52.09,2.26,10.18,13.73,21.2,-14.44,-33.83,196160000.0,6083000000.0,6083000000.0,46.2,36.5,40.5,37.5,76.5,95.9,4.8,量比与换手适中
sz002297,002297,sz,博云新材,17.46,-0.51,3.71,1.2,44.75,4.36,-0.68,-8.73,7.78,-12.48,45.86,369860000.0,10006000000.0,10006000000.0,46.1,28.9,29.3,66.5,91.0,57.0,22.0,量比与换手适中
sh600895,600895,sh,张江高科,30.39,0.5,0.69,1.14,49.73,3.44,-3.74,-9.5,-3.06,-8.47,-30.57,322410000.0,47065000000.0,47065000000.0,46.1,17.9,32.1,61.5,65.9,71.4,80.3,市值稳定性较高
sz000524,000524,sz,岭南控股,10.09,-1.08,1.89,2.05,88.58,2.97,5.65,5.99,12.74,9.45,-15.49,128330000.0,6762000000.0,6759999999.999999,46.1,77.1,23.0,14.2,71.0,48.9,7.7,中期趋势靠前、量比与换手适中
sz002294,002294,sz,信立泰,32.09,0.53,0.72,0.83,53.12,4.18,-4.61,-9.07,-2.99,-2.73,-34.51,258870000.0,35774000000.0,35766000000.0,45.9,31.5,26.2,52.5,59.2,71.9,72.9,市值稳定性较高
sz300748,300748,sz,金力永磁,27.37,1.11,0.68,0.84,43.83,4.95,3.21,-1.12,11.71,-12.61,-19.24,210770000.0,37825000000.0,30980000000.0,45.9,33.5,27.7,40.3,59.1,80.1,74.0,市值稳定性较高
sz300003,300003,sz,乐普医疗,12.06,0.84,0.69,0.8,28.85,1.36,-1.15,-7.23,-6.87,-2.8,-22.92,130790000.0,22232000000.0,19042000000.0,45.9,28.4,66.2,15.4,58.2,76.3,54.5,估值因子相对较强
sh688396,688396,sh,华润微,58.27,-0.63,0.71,0.85,74.12,3.3,-5.39,-6.05,3.96,-13.8,10.34,552580000.0,77395000000.0,77395000000.0,45.7,20.0,24.1,77.1,59.5,55.3,89.1,成交活跃、市值稳定性较高
sz002774,002774,sz,快意电梯,16.14,-2.18,2.77,1.48,98.39,4.8,-2.3,-0.8,7.82,36.32,79.73,125110000.0,5434000000.0,4548000000.0,45.7,82.2,10.4,13.4,89.9,33.1,2.0,中期趋势靠前、量比与换手适中
sh600993,600993,sh,马应龙,23.52,1.29,1.06,2.19,16.87,2.28,1.47,0.3,-0.68,-0.42,-13.85,108310000.0,10138000000.0,10121000000.0,45.7,38.3,69.7,3.9,61.4,82.7,22.2,估值因子相对较强
sz002831,002831,sz,裕同科技,25.88,2.98,0.92,2.47,20.88,2.87,1.01,-7.97,-1.45,-9.92,30.71,170210000.0,33342000000.0,18484000000.0,45.6,15.5,59.5,30.1,54.0,93.1,71.0,市值稳定性较高
sh600361,600361,sh,创新新材,3.82,2.69,0.94,2.44,16.88,1.29,6.7,2.14,2.14,-13.42,-8.0,132380000.0,14259000000.0,14259000000.0,45.6,17.6,81.6,16.1,54.8,97.3,36.2,估值相对占优
sh600740,600740,sh,山西焦化,3.85,0.79,1.24,1.04,67.5,0.65,2.94,5.77,6.65,-3.87,3.08,120670000.0,9864000000.0,9864000000.0,45.5,45.4,52.6,10.4,68.0,75.6,20.8,估值因子相对较强
sz300761,300761,sz,立华股份,19.21,1.91,0.83,1.54,45.53,1.77,4.29,3.0,0.84,-3.66,-6.29,102190000.0,16258000000.000002,12424000000.0,45.5,36.1,49.7,1.4,74.2,91.6,42.1,量比与换手适中
sz002017,002017,sz,东信和平,16.48,-2.77,8.96,3.47,56.69,5.25,28.85,18.14,23.91,2.26,-25.61,838020000.0,9566000000.0,9561000000.0,45.3,71.4,20.7,85.1,16.7,24.7,19.7,中期趋势靠前、成交活跃
sz000513,000513,sz,丽珠集团,26.4,1.66,0.9,1.04,14.0,1.75,-11.17,-13.73,-14.62,-10.51,-20.07,133970000.0,23441000000.0,14986000000.000002,45.3,8.0,79.2,17.2,65.3,88.0,58.4,估值相对占优
sz300093,300093,sz,金刚光伏,24.57,-2.58,1.79,0.75,35.5,6.92,7.81,6.73,16.06,5.18,47.13,123630000.0,13268000000.0,6847000000.0,45.2,73.1,28.0,12.2,65.8,27.4,32.4,中期趋势靠前
sz002990,002990,sz,盛视科技,46.75,-1.72,2.89,1.14,72.91,4.76,-7.28,-12.6,11.44,-1.0,65.72,185710000.0,12242000000.0,6452000000.0,45.1,57.4,16.5,34.6,83.2,39.7,29.7,量比与换手适中
sh688099,688099,sh,晶晨股份,92.01,0.72,0.89,0.99,39.45,4.89,-1.47,-8.12,-4.85,-9.53,5.72,347390000.0,38950000000.0,38950000000.0,44.5,13.7,30.3,65.1,64.1,74.6,75.4,市值稳定性较高
sh600645,600645,sh,中源协和,19.71,0.15,1.65,1.05,83.81,2.48,-3.48,-0.86,5.51,0.92,-21.79,153390000.0,9223000000.0,9220000000.0,44.5,53.3,27.7,25.3,71.4,66.4,18.3,量比与换手适中
sh600970,600970,sh,中材国际,7.82,-0.38,0.73,4.15,8.63,0.91,1.82,-0.89,-1.26,-7.78,-21.09,147350000.0,20503000000.0,20503000000.0,44.5,21.4,96.5,22.2,29.3,58.9,51.3,估值相对占优
sz000629,000629,sz,钒钛股份,3.1,2.31,0.93,2.56,87.97,2.3,3.68,-1.27,0.65,-9.62,0.0,265970000.0,28802000000.0,28800000000.0,44.4,21.6,28.5,53.8,52.0,97.3,66.5,流动性因子相对较强
sz002941,002941,sz,新疆交建,11.04,1.56,1.29,2.51,20.15,1.7,7.5,1.38,5.85,-7.15,-29.46,102990000.0,8056000000.0,8056000000.0,44.4,37.1,72.6,2.0,56.0,86.6,14.2,估值相对占优
sh688385,688385,sh,复旦微电,51.87,-0.44,0.84,0.88,48.12,6.12,-3.91,-5.35,7.68,-9.56,-29.56,235830000.0,42726000000.0,27977999999.999996,44.3,33.6,22.0,46.6,61.2,58.0,78.9,市值稳定性较高
sz000968,000968,sz,蓝焰控股,7.02,-1.96,2.22,1.73,22.74,1.06,1.01,-0.43,2.33,-7.51,7.01,147880000.0,6792000000.0,6792000000.0,44.3,30.1,76.2,23.1,80.8,36.3,7.9,估值相对占优、量比与换手适中
sz002312,002312,sz,川发龙蟒,8.38,2.07,0.7,1.84,39.44,1.64,0.96,-1.99,0.48,-5.31,-22.69,109640000.0,15819000000.0,15793000000.0,44.3,30.8,54.9,5.0,66.4,93.9,39.8,估值因子相对较强
sh603124,603124,sh,江南新材,126.2,-0.64,2.67,1.29,70.54,9.88,-3.23,-12.65,14.28,-11.44,60.95,262950000.0,18393000000.0,9794000000.0,44.2,38.0,9.1,53.4,84.8,55.1,47.0,量比与换手适中
sz002881,002881,sz,美格智能,41.03,3.09,3.17,2.17,86.63,4.59,8.06,6.02,8.83,-9.78,-7.71,237540000.0,12394000000.0,7509000000.0,44.1,34.5,13.4,47.1,78.4,91.6,30.5,量比与换手适中
sz300031,300031,sz,宝通科技,21.31,-0.61,1.79,1.2,33.93,2.21,2.11,-4.95,11.69,-8.27,-5.83,133840000.0,8923000000.0,7498999999.999999,44.1,41.9,51.6,17.0,75.9,55.6,17.2,量比与换手适中
sh688628,688628,sh,优利德,78.93,-3.37,2.53,1.1,45.66,6.65,7.53,14.06,32.52,-4.88,154.28,221710000.0,8822000000.0,8822000000.0,44.0,59.3,22.3,43.2,79.4,16.1,16.8,量比与换手适中
sz300573,300573,sz,兴齐眼药,40.02,1.11,1.09,1.05,18.78,7.72,-0.2,-5.14,-5.64,3.38,-16.25,118100000.0,14204000000.0,10885000000.0,44.0,39.9,44.5,9.7,67.0,80.1,35.8,估值因子相对较强
sh600488,600488,sh,津药药业,5.38,-1.28,3.25,1.22,91.17,1.94,-8.19,-9.58,2.67,-0.15,33.23,193160000.0,5874000000.0,5874000000.0,43.7,46.1,31.6,36.2,87.8,46.0,3.1,量比与换手适中
sz300221,300221,sz,银禧科技,13.73,-0.44,1.94,0.8,41.61,4.28,6.85,-1.08,25.27,-2.56,34.34,122770000.0,6505000000.0,6344000000.0,43.7,63.5,31.6,11.6,68.1,58.0,6.1,趋势因子相对较强
sz301132,301132,sz,满坤科技,36.38,1.28,3.41,1.75,53.76,2.99,2.1,4.39,31.24,-10.53,10.64,117650000.0,5387000000.0,3447000000.0,43.7,45.8,33.8,9.1,89.7,82.6,1.6,量比与换手适中
sz300503,300503,sz,昊志机电,67.47,-0.98,2.39,0.83,72.73,13.08,-2.99,-8.73,9.03,-9.28,6.05,391640000.0,20962000000.0,16441000000.0,43.6,36.5,6.8,67.9,72.3,50.3,52.4,量比与换手适中
sz002315,002315,sz,焦点科技,26.31,3.99,2.48,2.75,23.13,3.92,6.6,-3.38,3.95,-7.62,-24.09,170920000.0,10850000000.0,6927000000.0,43.5,32.7,49.5,30.3,59.9,78.7,24.4,估值因子相对较强
sh603366,603366,sh,日出东方,7.32,-1.61,1.83,0.97,35.0,1.38,-4.06,4.27,9.42,-3.24,-23.47,109210000.0,5952000000.0,5952000000.0,43.4,51.0,61.1,4.7,71.0,41.3,3.9,量比与换手适中
sz300496,300496,sz,中科创达,56.4,0.14,1.28,1.3,48.47,2.46,-0.51,-7.77,-4.41,-11.42,-16.21,266690000.0,26041000000.000004,20842000000.0,43.2,10.5,40.0,53.9,74.1,66.3,62.4,量比与换手适中
sz301150,301150,sz,中一科技,38.89,0.65,2.1,1.33,90.37,3.49,2.07,-0.97,10.67,-13.12,29.46,246150000.0,12597000000.0,11816000000.0,43.2,31.2,19.0,49.5,81.2,73.6,31.2,量比与换手适中
sz300357,300357,sz,我武生物,23.62,-0.38,1.23,0.83,29.04,4.65,-2.64,-5.52,-0.67,4.24,-15.94,141380000.0,12367000000.0,11430000000.0,43.2,47.0,38.8,20.1,63.2,58.9,30.2,趋势因子相对较强
sz002690,002690,sz,美亚光电,16.0,4.51,1.82,4.7,19.3,5.48,3.23,4.71,1.91,3.36,-19.48,124210000.0,14116000000.0,6833000000.0,43.2,51.0,48.2,12.6,37.9,71.3,34.9,趋势因子相对较强
sh601133,601133,sh,柏诚股份,25.83,4.11,1.96,2.41,65.45,4.45,2.26,-3.19,-1.26,-1.9,68.49,264100000.0,13591999999.999998,13544999999.999998,43.1,34.6,20.5,53.6,63.5,77.0,33.5,流动性因子相对较强
sz002741,002741,sz,光华科技,24.9,-0.28,2.31,0.87,82.22,5.76,-3.11,-2.31,15.33,-8.29,24.75,247400000.0,11668000000.0,10708000000.0,43.0,45.4,11.0,50.4,72.5,60.3,27.6,量比与换手适中
sh603257,603257,sh,中国瑞林,66.44,3.47,6.67,3.85,40.07,3.18,6.39,0.74,6.25,6.05,12.99,110210000.0,7973000000.0,1654000000.0,43.0,64.0,39.4,5.7,34.0,86.1,13.6,趋势因子相对较强
sh688621,688621,sh,阳光诺和,62.48,-2.97,1.44,0.87,35.9,5.67,-4.46,-5.69,8.13,20.65,0.83,101230000.0,6998000000.0,6998000000.0,42.8,79.0,30.1,1.1,65.7,21.9,8.6,中期趋势靠前
sh600078,600078,sh,澄星股份,11.0,1.48,1.83,1.44,69.52,4.13,3.29,0.55,14.7,-7.49,14.7,132770000.0,7476000000.000001,7288000000.0,42.7,46.9,21.3,16.5,81.6,85.4,10.9,量比与换手适中
sz002318,002318,sz,久立特材,20.04,2.35,0.63,2.06,18.23,2.44,3.25,-1.09,-1.38,-11.56,-28.31,119250000.0,19583000000.0,19119000000.0,42.7,13.2,66.8,9.9,60.9,97.9,49.6,估值因子相对较强
sz300861,300861,sz,美畅股份,16.51,-0.48,1.87,1.93,23.66,1.68,-1.26,-5.87,3.84,-11.15,11.92,129400000.0,11092000000.0,6965000000.000001,42.6,24.6,68.1,15.1,73.6,57.4,26.2,量比与换手适中
sh688686,688686,sh,奥普特,126.1,-0.98,1.13,1.45,73.16,4.83,9.65,7.78,21.26,-9.06,2.03,174170000.0,15413999999.999998,15413999999.999998,42.3,46.6,16.1,31.5,76.3,50.3,38.5,量比与换手适中
sz000400,000400,sz,许继电气,22.51,1.08,0.65,0.98,24.16,1.85,0.81,-0.53,-0.53,-14.47,-11.69,147690000.0,22929000000.0,22849000000.0,42.3,9.9,65.0,22.8,62.0,79.7,56.6,估值因子相对较强
sz301393,301393,sz,昊帆生物,58.64,-3.98,4.37,1.36,57.83,2.64,-9.37,-12.49,3.33,8.9,16.3,114090000.0,6333000000.0,2578000000.0,42.3,63.0,34.5,7.3,93.9,7.4,5.7,量比与换手适中
sh603099,603099,sh,长白山,38.86,2.05,1.75,1.96,79.78,7.24,0.88,-1.62,2.91,-2.25,-13.65,184140000.0,10584000000.0,10584000000.0,42.2,42.9,8.8,33.9,72.0,93.6,23.1,量比与换手适中
sh688378,688378,sh,奥来德,40.67,-3.67,1.69,0.99,48.09,5.06,-10.81,-2.63,12.29,0.79,50.06,173360000.0,10632000000.0,10138000000.0,42.2,61.3,24.9,31.4,70.4,11.9,23.7,量比与换手适中
sz300735,300735,sz,光弘科技,20.02,1.57,1.03,1.57,66.17,2.94,3.2,-3.52,5.42,-11.14,-18.65,157920000.0,16197999999.999998,15226000000.0,42.2,27.2,29.9,26.3,75.1,86.7,41.8,量比与换手适中
sh605020,605020,sh,永和股份,31.49,1.68,0.91,1.1,20.03,2.66,-4.37,-9.59,-3.29,-11.54,19.1,143370000.0,16086000000.000002,15837000000.0,42.1,11.5,62.8,20.8,66.7,88.3,41.4,估值因子相对较强
sz300144,300144,sz,宋城演艺,5.98,1.18,0.65,1.4,20.54,2.19,1.53,-3.08,-2.45,-7.59,-24.69,100400000.0,15601000000.0,15438000000.0,42.1,20.4,66.1,0.4,71.4,81.1,38.9,量比与换手适中
sh600115,600115,sh,中国东航,3.6,1.98,0.52,1.8,79.92,5.64,4.35,-0.28,-1.91,-13.67,-40.0,314550000.0,79516000000.0,61290000000.0,42.0,8.3,11.8,60.6,65.9,92.6,89.4,市值稳定性较高
sh688456,688456,sh,有研粉材,78.03,-1.71,2.92,1.1,89.99,6.41,-5.06,-7.55,11.34,-3.53,0.73,236200000.0,8089000000.0,8089000000.0,42.0,52.4,7.5,46.8,82.5,39.9,14.3,量比与换手适中
sh605168,605168,sh,三人行,46.54,-0.7,1.26,1.1,76.97,3.8,2.13,5.65,38.18,-4.63,22.93,122980000.0,9811000000.0,9811000000.0,41.9,60.4,20.7,11.8,69.5,54.3,20.6,趋势因子相对较强
sz300049,300049,sz,福瑞医科,43.08,-1.96,2.89,1.5,68.47,5.79,4.92,-3.23,-4.29,-0.6,-38.68,294130000.0,11373000000.0,10063000000.0,41.8,33.7,15.0,57.7,91.3,36.3,27.2,量比与换手适中
sh688605,688605,sh,先锋精科,69.47,-0.19,1.67,1.1,81.89,8.52,-6.78,-12.81,4.17,5.42,8.28,124610000.0,14059000000.0,7527000000.0,41.7,59.4,6.8,12.9,72.7,61.6,34.8,量比与换手适中
sh688117,688117,sh,圣诺生物,24.33,-1.14,1.96,0.89,26.26,4.69,-9.55,-7.63,5.1,3.91,-9.09,106210000.0,5361000000.0,5361000000.0,41.7,57.9,41.8,3.2,70.2,48.0,1.4,量比与换手适中
sz002670,002670,sz,国盛证券,11.05,1.84,1.02,2.94,76.55,1.86,1.38,-3.16,-7.22,-2.9,-34.38,181000000.0,21383000000.0,17938000000.0,41.6,27.8,36.9,32.8,44.2,90.6,52.9,估值因子相对较强
sz000778,000778,sz,新兴铸管,3.67,0.82,0.74,1.7,15.9,0.55,-0.81,-2.65,-4.18,-14.35,-10.6,105470000.0,14544999999.999998,14288999999.999998,41.5,5.3,88.5,2.9,69.9,76.0,37.3,估值相对占优
sz000795,000795,sz,英洛华,8.77,-2.77,2.76,3.99,41.67,3.71,5.79,2.33,4.78,-0.67,-10.96,270780000.0,9790000000.0,9790000000.0,41.4,49.1,35.5,55.0,45.3,24.7,20.4,流动性因子相对较强
sh688289,688289,sh,圣湘生物,15.49,-0.06,1.2,1.16,57.19,1.28,-1.02,0.65,1.97,-2.95,-16.95,109650000.0,8975000000.0,8975000000.0,41.4,39.9,50.1,5.2,70.4,63.4,17.6,量比与换手适中
sh603459,603459,sh,红板科技,87.06,0.02,7.24,1.54,78.21,14.61,0.53,-12.74,-7.93,-10.35,391.86,497670000.0,65622000000.0,6881999999.999999,41.3,9.7,5.1,74.7,73.6,64.6,86.7,成交活跃、量比与换手适中、市值稳定性较高
sh688401,688401,sh,路维光电,66.7,1.03,1.43,1.46,47.22,5.14,-2.98,-5.94,6.41,-12.56,37.78,184390000.0,13697999999.999998,12896000000.0,41.3,26.6,25.4,34.1,78.9,79.0,33.7,量比与换手适中
sh603938,603938,sh,三孚股份,41.15,-1.06,1.47,0.92,97.82,6.02,-5.18,-5.62,8.29,-4.41,115.58,231350000.0,15744999999.999998,15744999999.999998,41.2,46.6,7.1,45.9,67.1,49.1,39.4,趋势因子相对较强
sz000026,000026,sz,飞亚达,20.37,0.59,1.5,1.06,78.44,2.45,-3.23,-1.93,26.52,-8.53,25.28,111670000.0,8265000000.000001,7423999999.999999,41.2,49.7,29.7,6.6,70.5,72.7,15.2,量比与换手适中
sz002611,002611,sz,东方精工,14.78,0.75,0.78,0.87,4.31,1.95,-1.14,-7.39,-6.1,-13.57,-22.12,115480000.0,17991000000.0,14838999999.999998,41.1,5.3,85.3,8.4,60.5,75.0,46.4,估值相对占优
sz002448,002448,sz,中原内配,12.41,-1.43,1.52,0.96,14.7,1.91,-2.13,2.9,1.64,-6.69,-2.51,109730000.0,7302000000.0,7204000000.000001,41.1,30.6,77.1,5.4,68.4,43.9,10.6,估值相对占优
sz300082,300082,sz,奥克股份,8.8,5.52,4.29,5.36,89.28,2.13,17.33,11.25,16.09,-8.71,-11.11,251810000.0,5985000000.0,5969000000.0,41.0,44.5,29.8,51.1,52.7,56.9,4.3,流动性因子相对较强
sz001285,001285,sz,瑞立科密,44.0,4.44,6.31,6.76,21.08,2.04,10.39,4.86,9.37,-7.29,-23.81,113260000.0,7943000000.000001,1826000000.0000002,40.9,41.6,66.6,7.0,36.9,72.3,13.4,估值因子相对较强
sh601965,601965,sh,中国汽研,14.44,2.48,0.71,3.47,13.45,1.8,3.81,2.41,-1.57,-7.91,-11.74,102720000.0,14478000000.0,14416999999.999998,40.6,20.4,80.3,1.8,29.8,99.7,36.9,估值相对占优
sz000990,000990,sz,诚志股份,6.44,0.94,1.03,1.11,56.85,0.61,0.78,-4.87,-0.71,-5.89,13.84,112520000.0,10957000000.0,10957000000.0,40.5,26.2,56.1,6.8,67.9,77.7,24.9,估值因子相对较强
sz002410,002410,sz,广联达,8.85,2.79,1.04,1.64,39.7,2.49,-0.23,-6.05,-1.23,-12.38,-28.35,144530000.0,14619999999.999998,14055000000.000002,40.3,12.6,44.6,21.1,73.6,95.9,37.8,量比与换手适中
sz300976,300976,sz,达瑞电子,55.52,-3.04,2.78,1.36,33.24,2.83,4.32,-3.63,7.76,-13.48,30.48,186160000.0,10390000000.0,6683000000.0,39.9,26.2,47.0,34.8,87.3,20.9,22.6,量比与换手适中
sh688179,688179,sh,阿拉丁,19.9,-1.73,1.84,0.77,50.91,5.34,-15.14,-7.1,17.13,-2.45,61.13,132320000.0,7204000000.000001,7204000000.000001,39.8,59.9,22.7,15.9,66.6,39.6,9.9,趋势因子相对较强
sz002961,002961,sz,瑞达期货,19.57,4.15,1.37,3.51,13.94,2.33,9.15,-0.31,1.29,-7.38,-27.09,126400000.0,9334000000.0,9334000000.0,39.8,28.5,72.7,13.6,34.3,76.4,18.6,估值相对占优
sz300540,300540,sz,蜀道装备,27.82,-1.21,2.66,0.89,75.42,5.48,-9.88,-16.18,-0.61,9.31,39.45,151820000.0,6332000000.0,5751000000.0,39.7,55.2,13.8,24.7,75.7,47.0,5.6,量比与换手适中
sz300133,300133,sz,华策影视,6.93,0.29,1.23,1.2,54.03,1.75,4.21,-5.46,5.32,-13.59,-16.6,140770000.0,12991999999.999998,11532000000.0,39.6,22.5,45.4,19.7,71.5,68.4,32.1,量比与换手适中
sz002755,002755,sz,奥赛康,12.52,2.79,1.2,1.45,43.63,3.64,-4.43,-9.41,-4.28,-7.67,-22.76,140940000.0,11621000000.0,11620000000.0,39.4,18.5,35.1,19.9,76.9,95.9,27.4,量比与换手适中
sh603393,603393,sh,新天然气,25.02,-0.95,1.12,0.95,18.58,1.09,3.22,0.36,-3.66,-9.35,-5.9,117920000.0,10607000000.0,10607000000.0,39.4,15.1,81.5,9.3,65.0,50.7,23.5,估值相对占优
sh688690,688690,sh,纳微科技,39.56,-2.85,1.12,0.84,91.32,7.97,-7.14,-9.7,12.13,-0.35,53.88,180760000.0,15975000000.0,15975000000.0,39.3,59.1,4.3,32.4,62.5,23.6,41.0,趋势因子相对较强
sz300685,300685,sz,艾德生物,18.05,0.33,1.73,1.24,20.81,3.72,-1.63,-3.37,4.34,-11.56,-9.82,122270000.0,7041000000.0,7031999999.999999,39.3,25.1,54.3,11.3,76.3,69.0,9.0,量比与换手适中
sh600763,600763,sh,通策医疗,35.54,0.45,0.69,0.73,25.85,3.84,0.82,-4.05,-0.95,-3.45,-11.61,108880000.0,15897000000.0,15897000000.0,39.3,32.5,46.7,4.1,56.7,70.7,40.1,估值因子相对较强
sz000422,000422,sz,湖北宜化,12.43,0.89,0.83,1.2,18.54,2.21,-1.58,-4.38,-5.26,-9.99,-10.96,108920000.0,13519000000.0,13266000000.0,39.2,11.9,68.5,4.3,68.3,77.0,32.8,估值因子相对较强
sz002085,002085,sz,万丰奥威,10.36,0.19,0.5,1.66,24.31,3.2,2.37,-5.22,0.1,-10.92,-35.09,110350000.0,21997000000.0,21997000000.0,39.1,17.6,52.3,6.1,68.9,67.0,53.8,估值因子相对较强
sz301280,301280,sz,珠城科技,42.39,-4.93,2.59,2.99,32.13,4.11,2.47,3.44,12.44,4.69,11.85,109040000.0,8117000000.0,4215000000.0,38.9,68.7,39.5,4.5,55.4,0.0,14.5,趋势因子相对较强
sz301568,301568,sz,思泰克,69.97,-1.66,4.19,1.58,60.28,7.17,3.2,2.06,14.29,-8.42,45.97,140450000.0,7225000000.0,3331000000.0,38.7,44.3,14.4,19.4,96.7,40.6,10.0,量比与换手适中
sh688112,688112,sh,鼎阳科技,66.02,-4.25,1.12,0.74,66.9,6.63,-2.68,28.0,41.1,2.93,79.45,119560000.0,10537000000.0,10537000000.0,38.6,75.3,14.1,10.2,60.3,3.6,22.9,中期趋势靠前
sh600789,600789,sh,鲁抗医药,7.42,0.54,1.54,1.21,89.18,1.52,0.27,-1.46,0.54,-4.26,-17.46,116420000.0,7755000000.0,7495999999.999999,38.6,34.1,37.8,8.6,74.1,72.0,12.2,量比与换手适中
sz300738,300738,sz,奥飞数据,20.89,-0.05,1.35,0.78,85.39,5.61,-2.06,-7.69,-4.61,-5.11,13.07,276640000.0,20581000000.0,20574000000.0,38.5,23.8,10.4,55.7,63.0,63.6,51.6,流动性因子相对较强
sh603341,603341,sh,龙旗科技,37.13,0.57,1.08,0.84,43.47,2.79,2.37,-6.17,-1.14,-5.21,-11.09,107370000.0,19404000000.0,9929000000.0,38.5,27.4,41.1,3.6,62.2,72.4,49.3,估值因子相对较强
sz000034,000034,sz,神州数码,23.36,0.52,0.84,0.78,43.85,2.13,-1.89,-4.65,-7.74,-10.33,-15.79,165730000.0,23751000000.0,19836000000.0,38.4,9.9,46.0,28.7,59.0,71.7,58.6,估值因子相对较强
sz300747,300747,sz,锐科激光,35.37,-0.92,1.23,1.05,80.37,5.61,1.87,-1.59,9.03,-13.01,31.19,227290000.0,19864000000.0,18462000000.0,38.3,29.6,11.9,44.8,68.1,51.1,50.0,流动性因子相对较强
sh603402,603402,sh,陕西旅游,64.86,1.69,7.09,2.59,21.41,2.27,6.89,-2.05,-0.67,-7.26,7.49,115160000.0,6520999999.999999,1630000000.0,38.3,24.0,63.5,8.1,51.2,88.4,6.3,估值因子相对较强
sz301382,301382,sz,蜂助手,38.41,-1.92,1.68,0.94,70.84,5.79,-8.2,-8.5,11.53,-4.52,8.53,153140000.0,10959000000.0,9078000000.0,38.2,50.2,14.1,25.1,69.2,36.9,25.1,趋势因子相对较强
sz301275,301275,sz,汉朔科技,42.02,-1.59,1.36,2.27,31.39,4.21,1.82,-4.89,-1.22,-5.91,-21.19,173140000.0,17749000000.0,12642000000.0,38.0,25.3,38.8,30.8,61.9,41.6,45.7,估值因子相对较强
sz300852,300852,sz,四会富仕,44.81,-0.42,1.68,1.08,51.16,3.17,-0.62,-0.49,20.59,-12.26,17.8,116480000.0,7193000000.000001,6944000000.0,37.9,40.7,33.6,8.8,72.3,58.3,9.7,量比与换手适中
sh603989,603989,sh,艾华集团,27.12,-1.06,1.76,0.87,40.9,2.79,-2.73,-8.13,4.27,-14.01,63.57,189660000.0,10815000000.0,10815000000.0,37.3,20.2,41.9,35.1,68.2,49.1,24.2,估值因子相对较强
sz000777,000777,sz,中核科技,17.36,0.17,1.81,3.31,42.84,2.63,5.08,-2.03,0.58,0.94,-32.55,122610000.0,6656000000.0,6656000000.0,37.3,44.5,42.7,11.5,42.1,66.7,7.0,趋势因子相对较强
sh688059,688059,sh,华锐精密,85.41,-0.67,1.28,1.01,35.26,5.5,-5.31,-11.29,13.97,-14.82,54.29,142470000.0,11956000000.0,11190000000.0,37.2,31.3,31.3,20.6,67.6,54.7,28.5,趋势因子相对较强
sh688035,688035,sh,德邦科技,64.0,-0.87,1.9,1.15,69.98,3.79,-1.93,2.93,13.7,-14.53,33.05,173200000.0,9103000000.0,9103000000.0,37.1,31.6,23.2,31.2,75.6,51.9,18.1,量比与换手适中
sz002643,002643,sz,万润股份,13.05,0.23,0.86,1.01,49.04,1.68,-4.81,-6.99,0.85,-7.87,-12.21,101060000.0,11952000000.0,11774000000.0,37.1,26.6,48.8,0.7,64.3,67.6,28.3,估值因子相对较强
sh601098,601098,sh,中南传媒,9.92,-3.31,0.74,4.49,11.8,1.09,-3.41,-3.78,-4.8,-7.38,-8.23,132100000.0,17816000000.0,17816000000.0,36.8,18.7,90.6,15.8,29.4,17.0,46.1,估值相对占优
sz301408,301408,sz,华人健康,15.09,-1.89,2.89,1.24,28.82,2.83,-5.09,-8.6,10.55,-12.93,-18.26,100710000.0,6036000000.0,3454999999.9999995,36.8,31.8,50.8,0.5,85.4,37.3,4.7,量比与换手适中
sz002708,002708,sz,光洋股份,11.82,-0.17,1.79,1.3,61.75,3.76,10.16,4.32,20.37,-11.73,-10.99,108080000.0,6644000000.0,6107000000.0,36.6,41.1,25.6,3.8,78.1,61.9,6.8,量比与换手适中
sh688678,688678,sh,福立旺,19.51,-2.64,1.78,1.09,90.77,3.41,5.06,3.5,27.93,-9.51,13.43,140720000.0,7865000000.000001,7865000000.000001,36.2,48.2,19.2,19.5,73.3,26.6,12.9,量比与换手适中
sz002044,002044,sz,美年健康,4.69,0.43,0.75,1.03,60.07,2.34,1.08,-8.75,3.08,-14.59,-11.02,136930000.0,18358000000.0,18170000000.0,36.2,16.6,36.0,18.1,63.9,70.4,46.8,估值因子相对较强
sz002158,002158,sz,汉钟精机,26.08,-1.99,0.79,1.52,28.36,3.2,-0.38,-7.75,1.09,-8.68,6.1,110940000.0,13946000000.0,13915000000.0,36.2,24.6,48.3,6.5,74.3,35.9,34.2,量比与换手适中
sh603317,603317,sh,天味食品,13.35,-0.67,0.72,1.58,18.64,3.35,-7.93,-8.31,-8.94,-8.56,11.53,101300000.0,14179000000.0,14179000000.0,36.0,13.7,59.1,1.3,72.4,54.7,35.7,量比与换手适中
sh603327,603327,sh,福蓉科技,9.55,-0.62,1.38,0.97,68.38,4.18,12.62,3.58,10.79,-10.08,-11.16,137950000.0,9984000000.0,9984000000.0,35.7,36.3,21.1,18.5,67.5,55.4,21.9,趋势因子相对较强
sz002270,002270,sz,华明装备,19.47,-0.21,0.64,1.25,24.88,5.59,-1.07,-5.53,-2.11,-8.16,-21.59,110380000.0,17450000000.0,17449000000.0,35.7,19.5,40.7,6.3,68.0,61.3,44.8,估值因子相对较强
sz300986,300986,sz,志特新材,11.64,0.17,1.56,0.83,37.76,3.06,-2.02,-14.66,12.68,-13.62,46.8,103780000.0,6701000000.000001,6697000000.0,35.7,32.2,42.2,2.2,65.8,66.7,7.2,估值因子相对较强
sz301379,301379,sz,天山电子,21.2,-2.08,3.37,1.31,46.74,4.12,-2.89,-6.19,6.32,-11.8,15.26,155320000.0,5883000000.0,4636000000.0,35.5,27.5,30.3,25.4,90.8,34.6,3.4,量比与换手适中
sz002265,002265,sz,建设工业,18.38,0.88,0.75,1.82,81.57,4.97,0.44,-7.59,-0.38,-7.93,-31.27,141710000.0,18987000000.0,18987000000.0,35.3,23.2,13.5,20.3,67.3,76.9,48.0,趋势因子相对较强
sh688591,688591,sh,泰凌微,28.8,-1.3,2.01,1.78,55.68,2.76,6.31,2.16,6.19,-8.56,-31.91,114280000.0,6956999999.999999,5655000000.0,35.2,33.7,34.5,7.5,78.1,45.7,8.1,量比与换手适中
sh600776,600776,sh,东方通信,12.81,-0.47,0.84,1.69,35.18,4.29,5.43,-1.16,4.36,-12.71,-22.1,102580000.0,16088999999.999998,12246000000.0,34.9,23.5,35.5,1.6,70.9,57.6,41.6,量比与换手适中
sh688050,688050,sh,爱博医疗,40.92,-2.11,1.35,1.73,33.33,2.74,1.14,-2.53,-0.2,-5.47,-32.18,106140000.0,7915000000.000001,7915000000.000001,34.5,29.1,47.4,3.0,74.0,34.1,13.3,量比与换手适中
sz301225,301225,sz,恒勃股份,57.87,-4.24,4.68,1.53,70.81,5.21,5.22,-1.3,17.6,-10.21,-51.17,120990000.0,8339000000.0,2546000000.0,33.3,41.8,16.0,10.6,94.0,3.7,15.4,量比与换手适中
sh688261,688261,sh,东微半导,69.65,-0.11,1.98,0.84,68.38,2.82,-0.36,-3.6,1.9,-14.78,-14.99,167460000.0,8542000000.0,8504000000.000001,33.0,14.5,30.3,29.0,69.3,62.7,16.1,估值因子相对较强
sh603407,603407,sh,长裕集团,56.15,0.65,7.09,0.84,83.51,10.68,-16.14,-12.35,-10.6,-4.43,305.12,142000000.0,22902000000.0,2016000000.0,33.0,22.6,5.0,20.4,60.9,73.6,56.5,趋势因子相对较强
sz001208,001208,sz,华菱线缆,13.84,2.52,2.29,0.99,81.44,3.05,-7.18,-9.54,-0.29,-13.85,-42.27,100260000.0,8835000000.0,4411000000.0,31.3,11.2,24.8,0.2,75.1,99.7,17.0,量比与换手适中
sz300723,300723,sz,一品红,35.26,0.71,0.82,0.72,79.64,8.23,-4.78,-4.99,0.77,-8.56,5.1,121590000.0,15927000000.000002,14781000000.0,30.6,24.5,7.6,10.8,57.5,74.4,40.9,趋势因子相对较强
sz002309,002309,sz,中利集团,3.0,1.35,2.05,1.26,69.85,4.55,0.67,-13.54,-8.54,-14.53,-11.5,147360000.0,9023000000.0,7218000000.000001,29.8,2.3,18.8,22.4,79.3,83.6,17.7,量比与换手适中
sz000533,000533,sz,顺钠股份,11.08,5.02,8.45,3.69,67.58,7.5,2.59,-12.62,-8.66,-9.03,33.01,630200000.0,7654000000.000001,7589000000.0,28.7,12.7,12.2,79.4,20.0,64.0,11.6,成交活跃
